Original_Input_Text,RL_Types,Raw_Model_Output
热烈欢迎咱叙北第一带盐人 北门可不差，论三环外，东西三环可不一定有北三环好，再等火北弄好，那就真起飞了,[认同逻辑1：Vernacular Spatial Authority（社会习惯性区域认知）],输出： [认同逻辑1：Vernacular Spatial Authority（社会习惯性区域认知）]
真的很多，我就是周边的，不管现实还是网上看的很多，他们天天说自己土著然后说我们弯脚杆，碰到过一个成都gay来我们这弯酸我们这乡坝头，然后碰到过有人问我成都那里的，因为我以为是外地人所以说的成都这边的，我说都江堰的，他说二环以内才是成都，二环以外是四川，刷到过很多帖子问成都要不要彩礼，然后成都人就说我们土著市中心的不要，要的都是周边的，抖音刷到周边的博主下面评论就一堆说人家口音的,"[认同逻辑1：Vernacular Spatial Authority（社会习惯性区域认知）, 认同逻辑4：Linguistic-Cultural Recognition（文化语言识别性）]","输出： [认同逻辑1：Vernacular Spatial Authority（社会习惯性区域认知）, 认同逻辑4：Linguistic-Cultural Recognition（文化语言识别性）]"
我是都江堰的，其他地方的我不敢说，但是我可是从小被成都口音嘲笑哦，我小时候去亲戚家耍过暑假，我说吃饭他们就笑我口音，现在去成都我都不敢开腔，有时候买东西都说普通话，经历过很多次被恶意学我说话,"[认同逻辑3：Family Rootedness, 认同逻辑4：Linguistic-Cultural Recognition]","输出： [认同逻辑3：Family Rootedness, 认同逻辑4：Linguistic-Cultural Recognition]"
那我说都江堰话被笑的更多，我以前被介绍了个成都人，然后天天给我说他家以前二环以内的，说他家以前宽窄巷子的，各种装b，我就很厌恶,[认同逻辑1（Vernacular Spatial Authority）、认同逻辑4（Linguistic-Cultural Recognition）],输出： [认同逻辑1（Vernacular Spatial Authority）、认同逻辑4（Linguistic-Cultural Recognition）]
那证明成都人的确不咋地，本来成都话口音离普通话语区就够偏了，很多怪音，他们还歧视本省的人，无语了都，儿化音就像大舌头一样，这是外地人评价的，为什么有些区县的来到成都要模仿他们的口音，本来就难听还要模仿是自己也不自信，大胆保持自己的地方本土特色有什么？,[认同逻辑4：Linguistic-Cultural Recognition（文化语言识别性）],输出： [认同逻辑4：Linguistic-Cultural Recognition（文化语言识别性）]
我朋友都江堰人在成都十多年现在已经是成都口音了，我估计是她怕融入不了所以就变成那样了吧,[认同逻辑4：Linguistic-Cultural Recognition],输出： [认同逻辑4：Linguistic-Cultural Recognition]
我也都江堰的，被别个说口音难听,[认同逻辑4：Linguistic-Cultural Recognition（文化语言识别性）],输出： [认同逻辑4：Linguistic-Cultural Recognition（文化语言识别性）]
哈哈哈 真的 确实 因为以前的周边的确实很弯 一说话就嫌弃 其实现在也一样 土著一听就晓得你不是成都的(一环内的)那个口音明显 但对外地人真的热情 问路啥都恨不得带别人走,[认同逻辑4],输出： [认同逻辑4]
我内江的，挨着自贡方向，说话是纯正自贡口音，在成都十多年了，也在一环买了房子，直到现在我说话也是纯正自贡口音。说话就是交流，能听懂就行了，出自哪里不重要，自己有本事才是最重要的。从来不为口音是哪里而焦虑，也不需要去在意他人的看法，有这样看法的人也是肤浅，不值得交集，更不值得因此自我内耗,"[认同逻辑4：Linguistic-Cultural Recognition（文化语言识别性）]  

**理由：**  
尽管作者明面上主张“口音不重要”，但在文本中反复强调自己“说话是纯正自贡口音”，并主动提及“出自哪里不重要”，这实际上反映出作者**默认了社会上存在一种将口音作为本地人身份识别标准的认知背景**，并在此背景下表达自己的抵抗态度。这表明作者**意识到了语言口音作为“本地人”认同边界的一种被广泛接受的文化逻辑**，并对此进行了评论。这种评论本身，**默认了该标准在社会认知中的存在与显著性**，因此符合“认同逻辑4”。

文本其余部分强调个人能力、房产、居住时长等，但作者**明确否定了这些因素（如口音、出生地）在界定本地人身份中的价值**，因此不属于其他认同逻辑的标注范围。","输出： [认同逻辑4：Linguistic-Cultural Recognition（文化语言识别性）]  

**理由：**  
尽管作者明面上主张“口音不重要”，但在文本中反复强调自己“说话是纯正自贡口音”，并主动提及“出自哪里不重要”，这实际上反映出作者**默认了社会上存在一种将口音作为本地人身份识别标准的认知背景**，并在此背景下表达自己的抵抗态度。这表明作者**意识到了语言口音作为“本地人”认同边界的一种被广泛接受的文化逻辑**，并对此进行了评论。这种评论本身，**默认了该标准在社会认知中的存在与显著性**，因此符合“认同逻辑4”。

文本其余部分强调个人能力、房产、居住时长等，但作者**明确否定了这些因素（如口音、出生地）在界定本地人身份中的价值**，因此不属于其他认同逻辑的标注范围。"
我不内耗我也不觉得我们口音不好听，我只是觉得有些成都人笑别人很无语,[认同逻辑4：Linguistic-Cultural Recognition（文化语言识别性）],输出： [认同逻辑4：Linguistic-Cultural Recognition（文化语言识别性）]
你上面就有一条，说我们口音很贱,[认同逻辑4],输出： [认同逻辑4]
哈哈，就是，而且我有个同事达州的，他说他的口音才是正宗成都话,[认同逻辑4：Linguistic-Cultural Recognition],输出： [认同逻辑4：Linguistic-Cultural Recognition]
哈哈哈哈，口音很贱，这个,[认同逻辑4：Linguistic-Cultural Recognition],输出： [认同逻辑4：Linguistic-Cultural Recognition]
重要的不是几套房子 房子在哪，是不是老破小，重要是带不带口音口音改不到撒,[认同逻辑4：Linguistic-Cultural Recognition],输出： [认同逻辑4：Linguistic-Cultural Recognition]
还有外地人骂成都口音难听呢，逼着他来成都了？,[认同逻辑4],输出： [认同逻辑4]
我也不知道我算不算成都人，爸爸是成都人，爷爷奶奶也生活在成都，我户口在成都。但是妈妈是外地人，我爸妈都在我妈妈的城市工作。从小我跟着爸妈在我妈妈出生的城市生活，小时候放假回成都，和小朋友玩要被骂乡巴佬，所以导致我小时候不愿意回成都，一直到读研才回的成都，读完研就出国了，现在回成都快3年，不太会说成都话，听得懂，但愿意说四川话，总被同事说我说的四川话有口音，我也一直对成都没有认同感。,"[认同逻辑3：Family Rootedness, 认同逻辑2：Administrative Legitimacy, 认同逻辑4：Linguistic-Cultural Recognition]","输出： [认同逻辑3：Family Rootedness, 认同逻辑2：Administrative Legitimacy, 认同逻辑4：Linguistic-Cultural Recognition]"
一个口音，一个面，我们天天被网暴，门都不敢出,[认同逻辑4],输出： [认同逻辑4]
就是。。。基本上现在接到那些骚扰电话都是外地口音哎，不是歧视外地人，只是觉得如果他们回老家，做点其他工作，也比鼓捣留在成都打骚扰电话好嘛,[认同逻辑4],输出： [认同逻辑4]
之前在成都上学遇到两个女的 就不是成都人 四川其他地方的 非要说自己是成都人 只是亲戚在双流买了房子而已各种也装的要死 我真的想问这有什么好优越的吗自己的土生土长的地方都不承认,"[认同逻辑3：Family Rootedness]  
理由：作者明确表达了对“本地人”身份的界定标准，认为只有“土生土长”的人才能算是真正的本地人，暗示通过家族历史或成长地来判断本地人身份的逻辑。同时，作者对那些并非成长于成都、仅因亲戚在双流买房就自称成都人的行为表示否定，进一步强化了其对“Family Rootedness”作为身份判断标准的认同。","输出： [认同逻辑3：Family Rootedness]  
理由：作者明确表达了对“本地人”身份的界定标准，认为只有“土生土长”的人才能算是真正的本地人，暗示通过家族历史或成长地来判断本地人身份的逻辑。同时，作者对那些并非成长于成都、仅因亲戚在双流买房就自称成都人的行为表示否定，进一步强化了其对“Family Rootedness”作为身份判断标准的认同。"
我也想说，我那个农村老板在成都买房了，经常给我说我现在也是成都本地人了，创业初成功经常在那吹嘘自己🐮逼，神戳戳的，他不在别的同事面前说他是成都户口了因为其他人不是土著,[认同逻辑2：Administrative Legitimacy] [认同逻辑3：Family Rootedness] [认同逻辑6：Social Embeddedness],输出： [认同逻辑2：Administrative Legitimacy] [认同逻辑3：Family Rootedness] [认同逻辑6：Social Embeddedness]
我倒觉得是外来的多了故意在那点火，成都越扩越大本来对我爸妈这种老一辈是不好区分的，现在离成都二三环内天远地远的地方也叫成都，结果一导航开过车过来还要老半天比去隔壁几个市坐高铁时间都长还不如说原来的某某地名好记，老一辈是不习惯啊，然后就说歧视了,[认同逻辑1: Vernacular Spatial Authority（社会习惯性区域认知）],输出： [认同逻辑1: Vernacular Spatial Authority（社会习惯性区域认知）]
并没有啊，成都有钱的又不一定是土著，绝大部分土著只是不愁房子住，另外有多余的房子可以出租出去，所以工资那么低很多人还是过得很开心月收入足够支撑不错的生活水平了。成都人天生一副你有钱那是你的事，我不去羡慕各过各的谁也不碍着谁所以大家才悠然自得，那些个有钱的区域又不属于是给土著的，多是外地赚了钱来成都消费或者安置的,[认同逻辑3：Family Rootedness（家族历史根基/个体成长史）] [认同逻辑6：Social Embeddedness（社会根基深浅与经济地位象征）] [认同逻辑1：Vernacular Spatial Authority（社会习惯性区域认知）],输出： [认同逻辑3：Family Rootedness（家族历史根基/个体成长史）] [认同逻辑6：Social Embeddedness（社会根基深浅与经济地位象征）] [认同逻辑1：Vernacular Spatial Authority（社会习惯性区域认知）]
我崇州的嘛 我们身边的人被问到是哪里的 都直接说崇州 不会说是成都的从小到大耳濡目染的就是成都人都觉得三环以外的不算成都的,[认同逻辑1：Vernacular Spatial Authority（社会习惯性区域认知）],输出： [认同逻辑1：Vernacular Spatial Authority（社会习惯性区域认知）]
话说什么是土著，我认为从爷爷辈土生土长开始才算是土著，那些从外地拿到成都户口或者父母辈从外地来定居生下的娃娃，然后很骄傲的弯酸，这种不算，并且所谓的成都人假打90%以上都是这种人,[认同逻辑3：Family Rootedness],输出： [认同逻辑3：Family Rootedness]
我觉得哪个地方的土著都会多少有点优越感吧……毕竟是土生土长本地人 对吧,[认同逻辑3：Family Rootedness],输出： [认同逻辑3：Family Rootedness]
我没觉得喃，每次回去都觉得多亲切的，被烧的时候一点感觉都没有，我还是土生土长成都女娃儿，一点口音都没有，一样被烧,"[认同逻辑3：Family Rootedness（家族历史根基/个体成长史）, 认同逻辑4：Linguistic-Cultural Recognition（文化语言识别性）]","输出： [认同逻辑3：Family Rootedness（家族历史根基/个体成长史）, 认同逻辑4：Linguistic-Cultural Recognition（文化语言识别性）]"
反正我三环外的不是成都人,[认同逻辑1：Vernacular Spatial Authority（社会习惯性区域认知）],输出： [认同逻辑1：Vernacular Spatial Authority（社会习惯性区域认知）]
我同学说二环外的都是农民,[认同逻辑1],输出： [认同逻辑1]
歧视三环外的多，还是学生偏多,[认同逻辑1：Vernacular Spatial Authority（社会习惯性区域认知）],输出： [认同逻辑1：Vernacular Spatial Authority（社会习惯性区域认知）]
成都土著的优越感是最强的，没有之一那种。比如他们在强调自己血统纯正的时候，往往会在前面加上土著或土生土长这样的词语。外地的不用说了，还没资格让土生土长的5城区成都人看不起，有资格被看不起的，首先你要是三环外但是大成都的弯脚杆和211，或者是后面来但是获得了成都省护照的新成都。,"[认同逻辑1：Vernacular Spatial Authority（社会习惯性区域认知）, 认同逻辑3：Family Rootedness（家族历史根基/个体成长史）, 认同逻辑4：Linguistic-Cultural Recognition（文化语言识别性）]","输出： [认同逻辑1：Vernacular Spatial Authority（社会习惯性区域认知）, 认同逻辑3：Family Rootedness（家族历史根基/个体成长史）, 认同逻辑4：Linguistic-Cultural Recognition（文化语言识别性）]"
成华区二环内土著 几十年了没觉得啥子,[认同逻辑3],输出： [认同逻辑3]
我是成都土著，我觉得还好！说实话哈，只是确确实实有一点受不了一些口音。但是不存在什么问题强强联合，成都本地人也很多撇火药哈。,[认同逻辑3：Family Rootedness，认同逻辑4：Linguistic-Cultural Recognition],输出： [认同逻辑3：Family Rootedness，认同逻辑4：Linguistic-Cultural Recognition]
三环外的弯脚杆咋个敢嫌弃哪个,[认同逻辑1：Vernacular Spatial Authority（社会习惯性区域认知）],输出： [认同逻辑1：Vernacular Spatial Authority（社会习惯性区域认知）]
本土著去年底刚从市中心搬到天府新区 只能说三环内土著不歧视外地人但歧视三环外人,[认同逻辑1：Vernacular Spatial Authority],输出： [认同逻辑1：Vernacular Spatial Authority]
听过同事吐槽，她老公是二环的，她家在二环也有房子，但是户口是青白江的，然后她老公的亲戚摆龙门阵就一口一个你们乡坝头咋个咋个,"[认同逻辑2：Administrative Legitimacy（行政归属合法性）, 认同逻辑1：Vernacular Spatial Authority（社会习惯性区域认知）]","输出： [认同逻辑2：Administrative Legitimacy（行政归属合法性）, 认同逻辑1：Vernacular Spatial Authority（社会习惯性区域认知）]"
三环边边 不敢说是土著 走到一环二环都说进城 不敢开车 怕遭说,"[认同逻辑1：Vernacular Spatial Authority（社会习惯性区域认知）, 认同逻辑3：Family Rootedness（家族历史根基/个体成长史）, 认同逻辑4：Linguistic-Cultural Recognition（文化语言识别性）]","输出： [认同逻辑1：Vernacular Spatial Authority（社会习惯性区域认知）, 认同逻辑3：Family Rootedness（家族历史根基/个体成长史）, 认同逻辑4：Linguistic-Cultural Recognition（文化语言识别性）]"
我还挺喜欢成都口音的,[认同逻辑4：Linguistic-Cultural Recognition（文化语言识别性）],输出： [认同逻辑4：Linguistic-Cultural Recognition（文化语言识别性）]
三环外不配，而且可能还同时被外地人歧视,[认同逻辑1],输出： [认同逻辑1]
作为一环路穷土著我真没觉得我有优越感，但是遇到一部分四川其他地方的朋友就会暗戳戳地想象“她是不是有优越感”，我成都朋友在外面说个成都话，都会被不知情的人指责她学成都口音装成都人,[认同逻辑4：Linguistic-Cultural Recognition],输出： [认同逻辑4：Linguistic-Cultural Recognition]
其实和成都土著关系不大，还是看个人素质，在成都呆了10多年，大部分成都土著还是很好的，以前嘿多成都嬢嬢经常给我介绍对象,[认同逻辑3：Family Rootedness],输出： [认同逻辑3：Family Rootedness]
怎么说呢，我老家是成都郊区的，跟父母常年住在成都的，每次别人问我，我都说我是某郊区人别人都会说：成都人哦！感觉阴阳怪气的,[认同逻辑3：Family Rootedness],输出： [认同逻辑3：Family Rootedness]
不知道 但是知道土著一直在被其他人嘲讽口音 不知道有什么好笑的 特别是那个电炒饭...,[认同逻辑4：Linguistic-Cultural Recognition（文化语言识别性）],输出： [认同逻辑4：Linguistic-Cultural Recognition（文化语言识别性）]
成都人都很和蔼都不会歧视外地人，反而是外地人比较歧视和排挤成都人吧，出去上班熟都不熟就开始问你，你们屋头有几套房？你们屋头有几套房你还出来上班啊？还半工半读那么努力？何必把你们平时生活中的不如意归结在成都本地人身上，作为一个正常人，这样的提问方式请问礼貌吗？而且外地的都很有钱，能够买的起房，给得起彩礼，我们成都的有几个买的起房给得起彩礼嘛我们哪里敢有优越感，我二环的，我们去春熙路一般都说进城,"[认同逻辑1：Vernacular Spatial Authority（社会习惯性区域认知）, 认同逻辑3：Family Rootedness（家族历史根基/个体成长史）, 认同逻辑4：Linguistic-Cultural Recognition（文化语言识别性）]","输出： [认同逻辑1：Vernacular Spatial Authority（社会习惯性区域认知）, 认同逻辑3：Family Rootedness（家族历史根基/个体成长史）, 认同逻辑4：Linguistic-Cultural Recognition（文化语言识别性）]"
不知道什么时候开始我们老成都人就开始被人骂看不起人了，大多是普通家庭的老成都谁管你哪来的，为什么说成都包容度大就是不管别人的事啊，归属感不强不融入当地不是本地人的错,[认同逻辑3：Family Rootedness] [认同逻辑4：Linguistic-Cultural Recognition],输出： [认同逻辑3：Family Rootedness] [认同逻辑4：Linguistic-Cultural Recognition]
锦江区二环攀成钢必须焊死在脑门上,[认同逻辑1，认同逻辑3],输出： [认同逻辑1，认同逻辑3]
一般说弯脚杆都是因为他们先挑衅，攻击你家乡你也不乐意啊，说成都的面最难吃，成都二环内市区破烂，口音难听，做人假打...真的成都人才是每天被外地人歧视,[认同逻辑4：Linguistic-Cultural Recognition],输出： [认同逻辑4：Linguistic-Cultural Recognition]
我也三环外甚至都不会说自己是成都人，除非给外地人介绍时再加个成都成都土著一般指的中心城区吧,[认同逻辑1],输出： [认同逻辑1]
因为我们二环的一般没事不进城，就在我们这个偏僻的地方玩,[认同逻辑1：Vernacular Spatial Authority（社会习惯性区域认知）],输出： [认同逻辑1：Vernacular Spatial Authority（社会习惯性区域认知）]
怎么说呢？成都人其实真的不排外，也不歧视，但是有一点就是他们爱喊三环外的弯脚杆，老一辈传下来的吧！因为三环外就变口音了，但是平时还是相处很好，有时候给朋友开玩笑也会说你个批弯弯叉河过来得 ，其实就是开玩笑没有歧视意思，现在年轻人还好，应该就是老一辈带下来的口头禅，我是这样理解的,"[认同逻辑1, 认同逻辑4]","输出： [认同逻辑1, 认同逻辑4]"
哈哈哈哈 我土著我倒是还好，但我身边的土著亲戚朋友 确实看不起外地的 而且三环外的都不行 我亲戚还说我男朋友是农转非,"[认同逻辑1：Vernacular Spatial Authority（社会习惯性区域认知）, 认同逻辑3：Family Rootedness（家族历史根基/个体成长史）, 认同逻辑6：Social Embeddedness（社会根基深浅与经济地位象征）]","输出： [认同逻辑1：Vernacular Spatial Authority（社会习惯性区域认知）, 认同逻辑3：Family Rootedness（家族历史根基/个体成长史）, 认同逻辑6：Social Embeddedness（社会根基深浅与经济地位象征）]"
大邑不算，土著是一二三环内,[认同逻辑1],输出： [认同逻辑1]
以前主要是大邑口音真的重，现在还好了吧现在在成都的外地人特别歧视成都土著,[认同逻辑4：Linguistic-Cultural Recognition],输出： [认同逻辑4：Linguistic-Cultural Recognition]
我爷爷老家是大邑县那边的，但是现在我爷爷的全家亲戚都已经全部搬到成都来了，并且有可能是我们沟通交流确实比较少，我印象当中他们没有过说可能要回到祖籍地去探望一下之类的。然后到我爸爸这一代就已经开始说自己就是土生土长成都人了。,[认同逻辑3：Family Rootedness],输出： [认同逻辑3：Family Rootedness]
思想观念，口音，穿着品味,[认同逻辑4],输出： [认同逻辑4]
……如果北京上海土著来到成都也是外地人，是不是也歧视人家思想意识 口音 和穿着品味,[认同逻辑4：Linguistic-Cultural Recognition],输出： [认同逻辑4：Linguistic-Cultural Recognition]
哈哈哈点了，大大方方承认不好吗，还要拿什么思想观念口音穿着品味当遮羞布，都21世纪了，不会真有人觉得只有城里人思想前卫穿着讲究品味高档吗至于口音，更加扯淡不是吗,[认同逻辑4：Linguistic-Cultural Recognition],输出： [认同逻辑4：Linguistic-Cultural Recognition]
认识的成都本地朋友中，没有这种人。网上一刷，这成都的鄙视链比北京都严重。比京二环的好像要牛气多了,[认同逻辑1：Vernacular Spatial Authority（社会习惯性区域认知）],输出： [认同逻辑1：Vernacular Spatial Authority（社会习惯性区域认知）]
成都二环内土著，问就是没优越感，我也没什么社交圈子，有几个朋友，大多不是本地人，也没觉得啥,[认同逻辑3：Family Rootedness],输出： [认同逻辑3：Family Rootedness]
小时候没有成都土著这个概念，这十年也不知道是谁定义了这个概念,[认同逻辑3：Family Rootedness],输出： [认同逻辑3：Family Rootedness]
没有什么优越感。土著，从长顺街出来的，从上班就开始羡慕当年周边的城乡结合部，有分红，有拆迁，有土地。到现在40+，就羡慕从农村来的，过年可以回乡下放火炮，杀猪，天然无污染环境。读以前的锦小时，很多同学都是军区后勤的家属，也羡慕啊，什么都有优待。反正，没有觉得土著有太多优越感，不过还是很怀念以前长顺上街，中街以及长发街附近的老邻居些。,[认同逻辑3],输出： [认同逻辑3]
我家反正是三环外城乡结合部，周边啥都有反正不进城里玩一般,[认同逻辑1，认同逻辑5],输出： [认同逻辑1，认同逻辑5]
有歧视的老土著挺多的，尤其是住在那种老破小的中年和老年人当然肯定也有很友好的土著，但是那种谈到三环外的5句话就有弯脚杆的土著占比还是很多,"[认同逻辑1：Vernacular Spatial Authority（社会习惯性区域认知）, 认同逻辑4：Linguistic-Cultural Recognition（文化语言识别性）]","输出： [认同逻辑1：Vernacular Spatial Authority（社会习惯性区域认知）, 认同逻辑4：Linguistic-Cultural Recognition（文化语言识别性）]"
好像！！？你说的有道理！！！不过成都土著没有拆迁户过的轻松就不明白这优越感哪里来的hhh,[认同逻辑3：Family Rootedness（家族历史根基/个体成长史）],输出： [认同逻辑3：Family Rootedness（家族历史根基/个体成长史）]
成都人不是被骂的人吗？陈冠希。假打。口音难听。全是槽点。,[认同逻辑4：Linguistic-Cultural Recognition],输出： [认同逻辑4：Linguistic-Cultural Recognition]
都是外地人歧视成都口音的嘛,[认同逻辑4：Linguistic-Cultural Recognition],输出： [认同逻辑4：Linguistic-Cultural Recognition]
我觉得成都口音挺好听的呀。,[认同逻辑4：Linguistic-Cultural Recognition（文化语言识别性）],输出： [认同逻辑4：Linguistic-Cultural Recognition（文化语言识别性）]
其实从小学到上班，身边就很多外地同学同事了。更不用说上班快十年，几家公司，只遇到过几个本地人。外地朋友些太多了哈，正常普通人没得啥子优越感的，大家都是打工人。但是有些拆迁户老嬢嬢是会有些优越感，让人觉得烦。外地朋友觉得不舒服可以不用理她们。还有结婚的问题，其他人我不晓得，但是我们这一批基本都是同学介绍的，所以大部分年纪都同年或者差不多，所以本地结婚的多。但是也有嫁到外地和取外地姑娘的同学，都是有的哈，不要说的那么笃定。,[认同逻辑3：Family Rootedness（家族历史根基/个体成长史）],输出： [认同逻辑3：Family Rootedness（家族历史根基/个体成长史）]
小时候有，因为确实不给房租，用完回家吃饭睡觉，过得比来成都打工的同事好很多，而且四川其他地方来打工的听说你是本地人，他们很羡慕哈，本来我没觉得咋的后来就越来越不觉得了，感觉小孩父母都是过节回老家，我女曾经说我们咋没有老家我说就成都呀，她还觉得不安逸，都没地方回人家也都在成都买了房定居了，所以也没啥优越不优越感觉了,[认同逻辑3：Family Rootedness，认同逻辑6：Social Embeddedness],输出： [认同逻辑3：Family Rootedness，认同逻辑6：Social Embeddedness]
没有，倒是会被外地人歧视，说我说话口音牙尖弯酸，天天都说“电炒饭”,[认同逻辑4],输出： [认同逻辑4]
都江堰的在成都上班，被别个说我的口音好难听我想说关你毛线事，我爱咋咋说。有些人都不想多说,[认同逻辑4],输出： [认同逻辑4]
土著的优越感不在于房子，在与全家上数下数几代人都在一个地方，逢年过节大家庭聚会其乐融融，说着成都话聊着生活过往，文化认同一致，口味一致，大家族氛围很有趣。优越感在于对城市的了解，变迁了如指掌，从小长的的区域每条路都是记忆和故事。优越感在于一起长大的同学朋友三十年后还是在一起吃吃喝喝而不是各自纷飞鸟兽散。优越感在与成都是我们以及我们的祖辈的家，我们看它在生长，有好的也有不太好的，但是我们都热爱它。什么买了几个房子值多少钱，只有外地人才锱铢必较....因为成都人都有房子，不管好坏，住着舒服就好，没那么大物欲。,"[认同逻辑3：Family Rootedness, 认同逻辑4：Linguistic-Cultural Recognition, 认同逻辑1：Vernacular Spatial Authority]","输出： [认同逻辑3：Family Rootedness, 认同逻辑4：Linguistic-Cultural Recognition, 认同逻辑1：Vernacular Spatial Authority]"
哈喽冒昧了，同成华区土著三代成都人，本人条件能看口音可查，能了解一哈不,[认同逻辑3：Family Rootedness，认同逻辑4：Linguistic-Cultural Recognition],输出： [认同逻辑3：Family Rootedness，认同逻辑4：Linguistic-Cultural Recognition]
有，比上海更甚，直接对你说你说的话（口音）他们听不懂，是哪个县份上的,[认同逻辑4：Linguistic-Cultural Recognition],输出： [认同逻辑4：Linguistic-Cultural Recognition]
可能外地人不希望自己孩子一口四川话吧 毕竟这口音真的好难听 还联姻都用上了,[认同逻辑4：Linguistic-Cultural Recognition],输出： [认同逻辑4：Linguistic-Cultural Recognition]
成都人确实爱吹牛，我亲戚就挺爱的，但是年轻一辈还是低调的，我表姐表妹去加拿大的，美国的，日本的都有，再不济我们也都读过大学，还是有点见识的，能来成都安家买房高薪的外地人，我们咋会看不起，我自己老公都是外地人，我可崇拜他了！我自己工作都是互联网圈子，基本上都是外地人，而且我很懒，不思上进，只想做我的技术，领导和公司核心很多都是外地人！但是你要说优越感我倒是有点，就是我家虽然是拆迁户，还在南门买了两套房，但是我依然努力的工作，月薪还很高，而且还低调朴实！从来不在同事面前吹我的房，也不在亲戚面前吹我的工资，我觉得也算是成熟的！这些勤劳智慧善良努力，应该就是我的优越感,[认同逻辑3：Family Rootedness（家族历史根基/个体成长史）]，[认同逻辑6：Social Embeddedness（社会根基深浅与经济地位象征）]，[认同逻辑4：Linguistic-Cultural Recognition（文化语言识别性）],输出： [认同逻辑3：Family Rootedness（家族历史根基/个体成长史）]，[认同逻辑6：Social Embeddedness（社会根基深浅与经济地位象征）]，[认同逻辑4：Linguistic-Cultural Recognition（文化语言识别性）]
让我来模仿一下 1.真正的成都人都是不上班的，南门那边都是外地来打工的。 2.天府新区那边一堆农民拆迁的，整体素质不高 3.华阳，龙泉也能叫成都？只认五城区哈 4.土生土长的本地人都是享受生活的 5.除了五城区，都是郊区 个人感想：这种觉得自己土著的人（包括且不限于成都，上海，北京）在外面但凡遇到个比他城市好优越的土著，就秒变舔狗，受气也只有哑起的份儿丢人现眼到极致的玩意儿。,[认同逻辑3：Family Rootedness，认同逻辑7：Occupational Typification，认同逻辑1：Vernacular Spatial Authority],输出： [认同逻辑3：Family Rootedness，认同逻辑7：Occupational Typification，认同逻辑1：Vernacular Spatial Authority]
给你讲个笑话，成都土著有优越感，哈哈哈哈哈哈,[认同逻辑3],输出： [认同逻辑3]
我来回答你吧，这个主要是看经济条件和双方家庭。比如本地土著，父母n套房，退休工资贼高的那种，自然是不可能愿意找县城里面务农，父母没得退休金的家庭。这个跟是不是成都土著没关系，放眼全国任何一个城市都是这样，毕竟婚姻需要门当户对。那么如果土著家庭条件一般，对方县城家里条件也差不多，且双方父母都有合适的退休金那也没得问题。总之就是对方其实是挑需不需要娃娃负担养老而不是挑地域。你试试县城有钱的他们还挑不挑？这个属于经济问题，跟地域没得太大的关系。,[认同逻辑3：Family Rootedness，认同逻辑6：Social Embeddedness，认同逻辑5：Functional Livability],输出： [认同逻辑3：Family Rootedness，认同逻辑6：Social Embeddedness，认同逻辑5：Functional Livability]
成都人均收入并不高，一个城市全部翻新之后，就把低收入人群赶出去了，没有低收入人群服务，生活成本就上去了，成都的老小区生活便利，低收入人群也住的舒服，包容性很强。,[认同逻辑5：Functional Livability],输出： [认同逻辑5：Functional Livability]
有每平方米一万以下的 一二环 老小区00年那种,[认同逻辑5：Functional Livability（生活功能便利性与环境品质认知）],输出： [认同逻辑5：Functional Livability（生活功能便利性与环境品质认知）]
毕竟好多家庭 不见得可以拿出一两百万买一个环境好点 还在二环内的房子 毕竟我爸妈在成都工作这么久 基本都在一二环内 朋友也在附近 买到郊区肯定不现实 买一二环的房子改造是最好的方案了,"[认同逻辑3：Family Rootedness（家族历史根基/个体成长史）, 认同逻辑6：Social Embeddedness（社会根基深浅与经济地位象征）]","输出： [认同逻辑3：Family Rootedness（家族历史根基/个体成长史）, 认同逻辑6：Social Embeddedness（社会根基深浅与经济地位象征）]"
紧靠二环边的伊泰天骄。各种噪音和高密度，但价格就是贵贵贵。,[认同逻辑5：Functional Livability（生活功能便利性与环境品质认知）],输出： [认同逻辑5：Functional Livability（生活功能便利性与环境品质认知）]
楼梯房更有安全感，比如火灾，比如高层电梯事故。大平层就是个伪改善伪豪宅概念，天王老子来了我只认有天有地的联排别墅或者独栋别墅，啥都是自己说了算，不住的话也可以开公司开工作室，三环内的也有六七百个W的,"[认同逻辑5：Functional Livability]  
[认同逻辑6：Social Embeddedness]  
[认同逻辑2：Administrative Legitimacy]  

解析：  
- **Functional Livability（生活功能便利性与环境品质认知）**：作者认为楼梯房在安全性（火灾、电梯事故）和使用灵活性（开公司、工作室）方面优于高层或大平层，这种对居住空间“好”与“实用”的评价标准，体现了对“有天有地”住宅的偏好，暗示这类住宅更符合理想“本地生活”模式。  
- **Social Embeddedness（社会根基深浅与经济地位象征）**：提及“六七百个W”级别的房产，这不仅是一个经济标志，也暗示了拥有这类资产的人具备更强的社会根基和身份稳固性，作者以资产规模作为衡量居住者是否具备“本地人”资格或身份层级的标准。  
- **Administrative Legitimacy（行政归属合法性）**：作者强调“三环内”的别墅，反映出对该行政范围内的价值认同，暗示三环内与三环外在房产价值、身份象征或归属感上的区分。这种对特定行政或地理范围的强调，构成了“本地”身份或居住优越性的判断依据。","输出： [认同逻辑5：Functional Livability]  
[认同逻辑6：Social Embeddedness]  
[认同逻辑2：Administrative Legitimacy]  

解析：  
- **Functional Livability（生活功能便利性与环境品质认知）**：作者认为楼梯房在安全性（火灾、电梯事故）和使用灵活性（开公司、工作室）方面优于高层或大平层，这种对居住空间“好”与“实用”的评价标准，体现了对“有天有地”住宅的偏好，暗示这类住宅更符合理想“本地生活”模式。  
- **Social Embeddedness（社会根基深浅与经济地位象征）**：提及“六七百个W”级别的房产，这不仅是一个经济标志，也暗示了拥有这类资产的人具备更强的社会根基和身份稳固性，作者以资产规模作为衡量居住者是否具备“本地人”资格或身份层级的标准。  
- **Administrative Legitimacy（行政归属合法性）**：作者强调“三环内”的别墅，反映出对该行政范围内的价值认同，暗示三环内与三环外在房产价值、身份象征或归属感上的区分。这种对特定行政或地理范围的强调，构成了“本地”身份或居住优越性的判断依据。"
我也一直以为只要是哈尔滨辖区内不管市里还是县里的都可以算是哈尔滨市的人 直到我在小红书看到有人说县里的都是农村的 不属于哈尔滨人 他们老哈尔滨人只有道里的,[认同逻辑1：Vernacular Spatial Authority（社会习惯性区域认知）],输出： [认同逻辑1：Vernacular Spatial Authority（社会习惯性区域认知）]
但是区和县还是不一样的，周边县市的只说自己是哈市的，也没什么，毕竟属于哈市辖区范围内，但是说自己是主城区土生土长的，也挺搞笑的。,"[认同逻辑1, 认同逻辑2, 认同逻辑3]","输出： [认同逻辑1, 认同逻辑2, 认同逻辑3]"
肯定不算北京人啊，说话口音也不像，文化背景也不同,[认同逻辑4：Linguistic-Cultural Recognition（文化语言识别性）],输出： [认同逻辑4：Linguistic-Cultural Recognition（文化语言识别性）]
我家是双城的，后来工作考到了南岗。首先声明我一直说我是双城人，放心我没有说我是哈尔滨。最近在抖音上看到，因为口音然后有这种区分争论。其实按行政归属来说，9区12县的都可以说自己是哈尔滨的呀。看到抖音这些争论，我更要说我是双城人了，我从来没有觉得说是哈尔滨人能为我提升什么档次。也没有觉得说双城有什么羞愧的。别人说可能也只是为了方便别人知道家乡大概是什么位置。另一方面，每一个城市的发展都是由在本城市同生活奋斗的人一起共同努力的。无论你是老哈尔滨人还是新哈尔滨人。,[认同逻辑2：Administrative Legitimacy，认同逻辑4：Linguistic-Cultural Recognition],输出： [认同逻辑2：Administrative Legitimacy，认同逻辑4：Linguistic-Cultural Recognition]
周边县就是不是哈尔滨呀，我爸老家就是宾县，没有人认为宾县=哈尔滨，在那住的也会区分，而且开车要出城，开高速才能到，都说来哈尔滨和回宾县。至于呼兰阿城双城，更不是一个地方了。小时候坐火车到呼兰要一个小时。我姥姥家行政上属于黑河下面的市，但是从来不会认为这是黑河的一部分，都是各叫各的，我也不认为我去过黑河。只有市区才算是这个市啊。,[认同逻辑1：Vernacular Spatial Authority（社会习惯性区域认知）],输出： [认同逻辑1：Vernacular Spatial Authority（社会习惯性区域认知）]
9区12县都是哈尔滨……老哈尔滨人都认为早期的七区（还有被取消的动力区和太平区）五县，现在是哈尔滨市区主要包括道里区、南岗区、道外区、平房区、松北区、香坊区、呼兰区、阿城区、双城区。其他算郊县。所以啥哈尔滨人……唉，都是中国人，行政区域内，全都是哈尔滨人。没必要,[认同逻辑1：Vernacular Spatial Authority],输出： [认同逻辑1：Vernacular Spatial Authority]
都是，又不是不属于哈尔滨,[认同逻辑3：Family Rootedness],输出： [认同逻辑3：Family Rootedness]
那个某某区是指哪个区 把他除外那他到底归属于哪个市 而且我也说了 就这种观念简直是无法理解 你说电视上说一个区除外可以 但还有周边那么多县呢 你自己搜搜这种帖子评论下边有多少这种想法 县也不算哈尔滨的 个别的区也不算哈尔滨的 有些“老哈尔滨人”一个劲把这些都排除 那我就想问问这些你们不承认的地方他到底属于哪啊 他是属于大庆的？齐齐哈尔的？,[认同逻辑2：Administrative Legitimacy（行政归属合法性）],输出： [认同逻辑2：Administrative Legitimacy（行政归属合法性）]
您大可不必费心向我论证哈尔滨市区的'高贵血统'。你们用口音腔调以及习惯当身份标尺，把市政惠民政策当作地域分界线，这种自诩优越的戏码实在令人莞尔。按这个逻辑，红肠是不是都得查查是不是县里生产的呀？要是县里生产的，那是不是都不能叫哈尔滨红肠？还有冰雪大世界售票规则不过是行政划分的产物，怎么就成了贵贱判书？作为大庆人，我们倒有个朴素的认知：五区四县同属一座城，油田子弟和湿地农家的孩子都在磕头机旁长大。这里的文明尺度从不丈量户口本上的地址——毕竟真正的体面，向来与敲键盘贬低他人的姿势成反比。,[认同逻辑1：Vernacular Spatial Authority，认同逻辑2：Administrative Legitimacy，认同逻辑4：Linguistic-Cultural Recognition],输出： [认同逻辑1：Vernacular Spatial Authority，认同逻辑2：Administrative Legitimacy，认同逻辑4：Linguistic-Cultural Recognition]
一个哈尔滨还分起来是不是正不正宗的哈尔滨人了市里的房价也没比我周边县城贵多少什么时候贫富差距大到北上广那样再来分吧,[认同逻辑5：Functional Livability（生活功能便利性与环境品质认知）],输出： [认同逻辑5：Functional Livability（生活功能便利性与环境品质认知）]
说嗯呐的不属于哈尔滨市里的,[认同逻辑4：Linguistic-Cultural Recognition],输出： [认同逻辑4：Linguistic-Cultural Recognition]
我明白你的意思，但是哈尔滨市中心就在博物馆转盘道是因为沙俄来搞的城市建设就是做的跟铁路线平行后选择以那个地方为中心，沿东西大直街向路两边两边建设。正因为这地方是最老的市中心，所以省政府市政府一开始都在这里，省博物馆在这儿，老的哈一百在这儿，哈工大最老的楼也在这儿，两个大教堂也在这儿。中央大街属于是辅助的娱乐购物区域，对于沙俄人来说教堂才是他们生活的重点，博物馆加革新街总共两个教堂就因为它这地方重点。而你说的老道外那边是老哈尔滨人的聚集区，属于是本地人的市中心，但是它不是城市发展建设的市中心。哈尔滨是因为铁路而兴起的城市，所以真正的市中心一定是离铁路不远的。,[认同逻辑1],输出： [认同逻辑1]
以前是啊，后来城市发展都往周边建，老城区拆迁拆不起。就是最早繁华的有可能城市发展过快变成城中村。但是哈尔滨不至于，现在就是哈西和群力火一点，江北那边可能受影响较大没火起来。最早火实际是哈西，那时候群力没什么人。一般都首选哈西，群力买房人少。后来群力发展起来了，感觉比哈西还更繁华一些。住城市中心的好处，可能现在不明显了，以前没那么多公交线路，没地铁，打车又贵，更买不起车的年代，在中心住去哪都方便快捷。现在不一样了，实际去哪不堵车都差不多。我在北京一侧五环住，另一侧三环上班。公交倒地铁三趟再倒公交再走，两个半小时。你想想一天五个小时在路上，那耽误多少时间。北京交通那是啥也干不了，想看书？歌都听不了,"[认同逻辑1：Vernacular Spatial Authority（社会习惯性区域认知）, 认同逻辑5：Functional Livability（生活功能便利性与环境品质认知）]","输出： [认同逻辑1：Vernacular Spatial Authority（社会习惯性区域认知）, 认同逻辑5：Functional Livability（生活功能便利性与环境品质认知）]"
这个范围内的才叫本地人。。。我爷爷辈是肥东的当初来市区还要花钱买合肥户口才行。我出生时在省立医院步行街那个。那时候合肥人口才一百来万。我上学是工大附中。合肥工业大学就在现在南一环那。大学墙外就是农村田地，我们小时候爬墙过去炸菜地，趴祖坟。就那时候我们还被人说是郊区的。所以你觉得真的老合肥有多少人,[认同逻辑1：Vernacular Spatial Authority，认同逻辑3：Family Rootedness，认同逻辑2：Administrative Legitimacy],输出： [认同逻辑1：Vernacular Spatial Authority，认同逻辑3：Family Rootedness，认同逻辑2：Administrative Legitimacy]
合肥一直都是移民城市，我93年到合肥，从幼儿园到高中，班上所谓纯正的合肥人就没几个，基本都是90年代跟着父母来的，都是普通话交流，合肥话都不会讲，你这些本地同事基本也应该是小时候移民过来的为主，就像我们这些人在别人看都是本地的，因为幼儿园就来了，但是其实也不是土生土长的,"[认同逻辑3：Family Rootedness, 认同逻辑4：Linguistic-Cultural Recognition]","输出： [认同逻辑3：Family Rootedness, 认同逻辑4：Linguistic-Cultural Recognition]"
发展起来的晚，年纪大一点的普遍受文化教育水平不高，很多拆迁户（没有歧视的意思，但确实老年人较多 素质确实有待提高）,[认同逻辑3：Family Rootedness],输出： [认同逻辑3：Family Rootedness]
还有交通特别乱，机动车从不让行人，电动车逆行，到处乱窜不遵守交通规则,[认同逻辑5：Functional Livability（生活功能便利性与环境品质认知）],输出： [认同逻辑5：Functional Livability（生活功能便利性与环境品质认知）]
南二环包河区政务东那边，薛河地铁站附近，比如信达的房子和绿地的房子，大概2万左右,[认同逻辑5：Functional Livability（生活功能便利性与环境品质认知）],输出： [认同逻辑5：Functional Livability（生活功能便利性与环境品质认知）]
你牛我是庐阳区读书长大的，我觉得口音最容易分辨的 只要接触的人足够多。。进阶一点就是长相气质 不同地域人外貌特点差异很明显 我只能看出来南方人北方人 西南方和中部地区的差异，以前有个同事看人 能细分到周边两三个省份的程度,[认同逻辑4：Linguistic-Cultural Recognition],输出： [认同逻辑4：Linguistic-Cultural Recognition]
啊？我03年的，我妹12年的，我们一家人平时交流都是合肥土话周围的亲戚基本上也都讲合肥话,[认同逻辑4：Linguistic-Cultural Recognition],输出： [认同逻辑4：Linguistic-Cultural Recognition]
所以这和小黑子有什么关系？房价网上查不到？,[认同逻辑5],输出： [认同逻辑5]
哈哈，新来的都在疯狂踩老城区，因为他们恰好赶上的房价最高的那一波,[认同逻辑6：Social Embeddedness（社会根基深浅与经济地位象征）],输出： [认同逻辑6：Social Embeddedness（社会根基深浅与经济地位象征）]
如果居家过日子的那种，我觉得上海和合肥消费差不多，上海水产类，牛肉类，并不比合肥贵，贵在外面吃饭的选择吧，其实也看地方的，以前去合肥出差，客户选择的饭店，一顿饭下来，也不便宜，但是房价相对比江浙沪是个优势！我在合肥也待过几年，那个时候再政务区住，大概十年前吧，我记得买猪排骨20多一斤，平时和朋友去天鹅湖，万象城逛，消费下，真心不便宜,[认同逻辑5：Functional Livability（生活功能便利性与环境品质认知）],输出： [认同逻辑5：Functional Livability（生活功能便利性与环境品质认知）]
土生土长合肥人表示14年以前根本舍不得离开合肥，好爱这个城市，14年以后越来越不爱在合肥待着了，每年想办法溜出去给自己放假，感觉每个城市都比合肥新鲜，没有繁杂的交通环境，不用走在过个马路和各种电瓶车碰撞,[认同逻辑3：Family Rootedness（家族历史根基/个体成长史）],输出： [认同逻辑3：Family Rootedness（家族历史根基/个体成长史）]
合肥土著人，感觉合肥的名片从包拯故里改成大湖名城以后，面积大了不少，交通也在变的便捷，相应的民生政策并没有积极跟上，希望越来越好，做到真正的宜居,[认同逻辑3，认同逻辑5],输出： [认同逻辑3，认同逻辑5]
合肥的人口这几年聚集太多了，整体管理还是有很大脱节的，比如停车问题就很糟糕。而且本地人也不少的，但和深圳不一样，本地人很少吃到房价上涨带来的资产增加，跟外地人组成新合肥人相比，竞争力相对不足,[认同逻辑5：Functional Livability（生活功能便利性与环境品质认知）],输出： [认同逻辑5：Functional Livability（生活功能便利性与环境品质认知）]
有一说一之前去合肥，当地的阜阳口音是真的正宗啊,[认同逻辑4：Linguistic-Cultural Recognition],输出： [认同逻辑4：Linguistic-Cultural Recognition]
我老家也是大圩的欸，不过好像大圩拆迁房的房价并不高吧，是什么葡萄家园吧,[认同逻辑3：Family Rootedness],输出： [认同逻辑3：Family Rootedness]
别逗了，，他们家父母和她都是45，确实有小户型60的，但是有些是自己掏钱钱买的平方，给你60又怎么样，，多15平方也就多8万来块钱修不修好有个屁关系，房价在这里，根本没人买，发财个毛啊，真靠每个月租房补助能有多少钱，我朋友大铺头拆迁，到现在房子也没拿，每个月人头补助才几个钱，这些钱不会在你这就是巨款吧。,[认同逻辑2：Administrative Legitimacy（行政归属合法性）]、[认同逻辑6：Social Embeddedness（社会根基深浅与经济地位象征）],输出： [认同逻辑2：Administrative Legitimacy（行政归属合法性）]、[认同逻辑6：Social Embeddedness（社会根基深浅与经济地位象征）]
说实话，我们这一代当时强制普及普通话，天天做这个黑板报，我们能听懂合肥话，但是说出来总是怪怪的，我妈还问我是哪里的口音,[认同逻辑4：Linguistic-Cultural Recognition],输出： [认同逻辑4：Linguistic-Cultural Recognition]
合肥四个行政区啊，为什么合肥人都爱把这种高新区说成行政区,[认同逻辑1：Vernacular Spatial Authority（社会习惯性区域认知）],输出： [认同逻辑1：Vernacular Spatial Authority（社会习惯性区域认知）]
因为高新区有自己的学区啊，而且管委会管理行政事务，居民办事也不去蜀山区啊，房产证也是高新区，就一个身份证是蜀山区,[认同逻辑2：Administrative Legitimacy（行政归属合法性）],输出： [认同逻辑2：Administrative Legitimacy（行政归属合法性）]
没说不宜居 瑶海庐阳都很宜居 我在瑶海生活五六年 买东西真的很方便 但是发展比较好的区确实包河和蜀山更强些,[认同逻辑1：Vernacular Spatial Authority（社会习惯性区域认知）， 认同逻辑5：Functional Livability（生活功能便利性与环境品质认知）],输出： [认同逻辑1：Vernacular Spatial Authority（社会习惯性区域认知）， 认同逻辑5：Functional Livability（生活功能便利性与环境品质认知）]
新站我在那边住了几年生活挺方便的 有地铁1号线 三号线 四号线 新站那优势是那边是市区产证 ，整体的环境一般， 磨店那个商业街我也去了 都是一些小吃 奶茶店 平时没什么人，新站因为很多地区都被定位工业区 ，新站那边现在主要靠 京东方 维信诺 和康宁这几个大厂来支撑 。至于后期的五星级酒店和普通人也没太大关系。,[认同逻辑2：Administrative Legitimacy] [认同逻辑5：Functional Livability],输出： [认同逻辑2：Administrative Legitimacy] [认同逻辑5：Functional Livability]
合肥土著告诉你，政务区只是从经济上划分的独立区域，行政上依然是属于蜀山区。往大了说就像深圳和国家的关系一样，深圳是经济特区的同时，它也是国家的城市区域，但它代表不了国家（ps：包括大部分合肥本地人提到天鹅湖都是说蜀山区天鹅湖）,"[认同逻辑1：Vernacular Spatial Authority（社会习惯性区域认知）, 认同逻辑2：Administrative Legitimacy（行政归属合法性）]","输出： [认同逻辑1：Vernacular Spatial Authority（社会习惯性区域认知）, 认同逻辑2：Administrative Legitimacy（行政归属合法性）]"
政务区是功能区，蜀山是行政区，政务区归属于蜀山区，功能区只是方便市里管理做的划分。,[认同逻辑2],输出： [认同逻辑2]
滨湖的都说滨湖宜居，吃喝玩乐都方便。不是杠，就是真的想问下具体是滨湖哪块都做到这样我认识的亲戚朋友在滨湖的，感觉地方大是大，但是人好少，也没什么好的商业圈一直都好好奇,[认同逻辑5],输出： [认同逻辑5]
首先看你怎么定义发展，1.政府意义上发生最好的肯定是包河区，一系列数字亮瞎眼；2.从产业就业角度，发展好的是高新区，平头百姓家靠个人努力能达到的高度；3.从个人体验上来说，感受发展最好的是政务区，相对比较新，配套也成熟，居住体验不错。4.从真正的功能体验上来说，外围的发展和我护城河内的老居民来说关系不大，顶级的教育质量、医疗配套、核心商业都有，房子要那么大干什么？舒服便捷第一位，送孩子上学步行；去省立安医不用一去就要花半天；晚上饿了下了楼走5分钟就有的烟火气；单位大院邻里的热火劲；父母年纪大了东西拿不动时都能碰到孩子发小搭把手的远亲不如近邻的熟人圈。,[认同逻辑5：Functional Livability（生活功能便利性与环境品质认知）],输出： [认同逻辑5：Functional Livability（生活功能便利性与环境品质认知）]
庐阳区橡树湾，真的很棒！交通方便，地铁方便，有商场，小区环境好，物业好，学区好，周围设施也好，住了就不想走了…第二套房子准备还买橡树湾或者附近,[认同逻辑5：Functional Livability],输出： [认同逻辑5：Functional Livability]
这个不知道反正包河区公务员分数线最高，高的离谱,[认同逻辑7：Occupational Typification],输出： [认同逻辑7：Occupational Typification]
发展这块，就产业而言，综合下来高新是大哥。就环境而言，滨湖是最舒服的。就烟火气而言个人感官庐阳最有感觉。如果按行政区域来算，蜀山区无疑，老城新区产业环境都有的。,"[认同逻辑2：Administrative Legitimacy, 认同逻辑5：Functional Livability]","输出： [认同逻辑2：Administrative Legitimacy, 认同逻辑5：Functional Livability]"
政务好不好不知，消费反正是最高的庐阳虽然已经变成老城区，整体看比较适合生活，毕竟有学区和医院，还有四通八达的地理位置的便利蜀山、经开、包河感觉差不多，包河现在有点逐渐开始攀升的感觉瑶海环境不行，发展一般，不高不低滨湖、新站没待过，不好评论。,[认同逻辑5：Functional Livability（生活功能便利性与环境品质认知）],输出： [认同逻辑5：Functional Livability（生活功能便利性与环境品质认知）]
土生土长庐阳区人 虽然是老城区 但交通吃喝真的很方便 习惯了,[认同逻辑3：Family Rootedness，认同逻辑5：Functional Livability],输出： [认同逻辑3：Family Rootedness，认同逻辑5：Functional Livability]
没有，我土生土长合肥蜀山区人就喜欢绿化好人少的居住环境，所以大蜀山附近和滨湖是我买房首选,[认同逻辑3：Family Rootedness，认同逻辑5：Functional Livability],输出： [认同逻辑3：Family Rootedness，认同逻辑5：Functional Livability]
上派生活也超级方便，家家公园房，买菜也比市里的菜好，商业也很发达，现在还通地铁了,[认同逻辑5],输出： [认同逻辑5]
我一开始不喜欢老城区，觉得旧旧的。结果政务区住四年回老城区真香安医，中医院，省立随便选，电动车10分钟。007，大老刘，各种美食街，小吃店，出门就到。送孩子上学10分钟内。周边都是菜场。爱死了,"[认同逻辑5：Functional Livability（生活功能便利性与环境品质认知）]  

**分析说明：**  
作者在文本中表达了对老城区的偏好，并通过列举“安医、中医院、省立随便选”、“电动车10分钟”、“送孩子上学10分钟内”、“周边都是菜场”、“各种美食街，小吃店，出门就到”等具体生活便利条件，构建了一个宜居、便利、功能齐全的本地生活图景。这些内容明确体现了作者从基础设施、服务可达性、生活舒适度等角度来评价老城区是否符合“好的本地”标准，因此符合**认同逻辑5：Functional Livability**。  

作者并未涉及家族背景、语言、行政区划、社会关系网、职业象征或空间习惯认知等其他认同逻辑，因此不属于其他类别。","输出： [认同逻辑5：Functional Livability（生活功能便利性与环境品质认知）]  

**分析说明：**  
作者在文本中表达了对老城区的偏好，并通过列举“安医、中医院、省立随便选”、“电动车10分钟”、“送孩子上学10分钟内”、“周边都是菜场”、“各种美食街，小吃店，出门就到”等具体生活便利条件，构建了一个宜居、便利、功能齐全的本地生活图景。这些内容明确体现了作者从基础设施、服务可达性、生活舒适度等角度来评价老城区是否符合“好的本地”标准，因此符合**认同逻辑5：Functional Livability**。  

作者并未涉及家族背景、语言、行政区划、社会关系网、职业象征或空间习惯认知等其他认同逻辑，因此不属于其他类别。"
只要上班通勤不堵车的，或是有地铁直达的，住哪里都好～因为各个区都有自己的商业圈，外卖也很方便。,[认同逻辑5],输出： [认同逻辑5]
瑶海排除，乱死了尤其龙岗这边长江批发市场这里，绿灯过斑马线一堆开电瓶车运货的一点也不看，就上来撞人,[认同逻辑5：Functional Livability（生活功能便利性与环境品质认知）],输出： [认同逻辑5：Functional Livability（生活功能便利性与环境品质认知）]
其实我觉得合肥总体生活体验都挺好的反正哪里都交通便利,[认同逻辑5],输出： [认同逻辑5]
作为土生土长本地人目前居住滨湖，但还是喜欢我庐阳啊,[认同逻辑3：Family Rootedness，认同逻辑1：Vernacular Spatial Authority],输出： [认同逻辑3：Family Rootedness，认同逻辑1：Vernacular Spatial Authority]
你看哪个区房价最贵。,[认同逻辑5],输出： [认同逻辑5]
现在房价都在涨,[认同逻辑5：Functional Livability（生活功能便利性与环境品质认知）],输出： [认同逻辑5：Functional Livability（生活功能便利性与环境品质认知）]
大部分是工业区。地铁覆盖范围少，公园也就两个,[认同逻辑5],输出： [认同逻辑5]
南站附近地铁公交都方便 比经开有的地方好多了,[认同逻辑5],输出： [认同逻辑5]
交通不便直接pass,[认同逻辑5],输出： [认同逻辑5]
骑小车坐公交还是地铁哪点不方便,[认同逻辑5],输出： [认同逻辑5]
天天堵车，开车没地方停，没有快速路，红绿灯太多，住一下交通方便的地方就有对比,[认同逻辑5],输出： [认同逻辑5]
我也住城区，但是近综合交通，你自己试试下高架5分钟就到家多舒服了,[认同逻辑5：Functional Livability],输出： [认同逻辑5：Functional Livability]
我说的近综合交通不就这样吗？,"[认同逻辑5：Functional Livability（生活功能便利性与环境品质认知）]  

作者在语句中提及“近综合交通”作为评价一个区域是否便利、宜居的重要标准，体现出该区域在物质基础设施层面的优越性或可取性。此标准与城市地区的功能性生活质量挂钩，是作者认同的、用于判断一个地方是否符合“好的本地”标准之一。","输出： [认同逻辑5：Functional Livability（生活功能便利性与环境品质认知）]  

作者在语句中提及“近综合交通”作为评价一个区域是否便利、宜居的重要标准，体现出该区域在物质基础设施层面的优越性或可取性。此标准与城市地区的功能性生活质量挂钩，是作者认同的、用于判断一个地方是否符合“好的本地”标准之一。"
我从地图上研究过，最方便的是华府骏苑那一块，距离各大商业区，银泰之心城万象城啥的，距离都比较平均。唯一缺点是周围好工作很少,[认同逻辑5],输出： [认同逻辑5]
有车之后你就知道，老城区堵车几小时的堵,[认同逻辑5],输出： [认同逻辑5]
还有双地铁4.6也是很方便，就是新房二手一起疯狂卷，还有五里庙和朗溪路高架不利因素美中不足,[认同逻辑5],输出： [认同逻辑5]
肥东必须是最差，工业园不说了，空气环境不行，交通也不行，设施也跟不上 ， 下雨就涝，地震中心,[认同逻辑5：Functional Livability（生活功能便利性与环境品质认知）],输出： [认同逻辑5：Functional Livability（生活功能便利性与环境品质认知）]
瑶海有烟火气而且瑶海设施陪套齐全，生活消费低，并且瑶海交通方便,[认同逻辑5],输出： [认同逻辑5]
瑶海区还行吧，尤其是一环二环那里，我家门口有三号线地铁和能直通市中心的公交车，区内有38中这样的好初中,[认同逻辑5：Functional Livability（生活功能便利性与环境品质认知）],输出： [认同逻辑5：Functional Livability（生活功能便利性与环境品质认知）]
交通确实很方便的,[认同逻辑5：Functional Livability],输出： [认同逻辑5：Functional Livability]
是真的很方便 就是房价贵了噻，改善也没有选择,[认同逻辑5],输出： [认同逻辑5]
我也喜欢七里塘，摆摊吃 真的很方便，去步行街也很方便，离省医院也不远，也不用下班开车去挤那边,[认同逻辑5：Functional Livability（生活功能便利性与环境品质认知）],输出： [认同逻辑5：Functional Livability（生活功能便利性与环境品质认知）]
有一系列的配套，离老城区也很近，就很方便,[认同逻辑5],输出： [认同逻辑5]
"个人感觉目前济南市区的范围:
 东线: 凤凰路-凤凰北路（东边发展太快，二环东肯定打不住了）
 西线: 二环西高架（说纬十二-郎茂山路也可以）
 南线: 二环南高架（无任何争议）
 北线: 北园高架-工业北高架（无任何争议）
 欢迎理性讨论，拒绝无脑发言。该区域划分按照济南现有发展程度所制，无任何地域歧视",[认同逻辑1],输出： [认同逻辑1]
我小时候从济钢到市区叫做“去济南”。……而且还要坐火车去“济南”，那时济钢桥头有个374车站，编号是距离青岛站374公里的意思，后面改叫韩仓站，现在废弃了。后来有了8路、10路公交车……现在公交、地铁一应俱全，不过不超过CBD（原二钢）还是电瓶车最方便,"[认同逻辑3：Family Rootedness, 认同逻辑1：Vernacular Spatial Authority, 认同逻辑5：Functional Livability]","输出： [认同逻辑3：Family Rootedness, 认同逻辑1：Vernacular Spatial Authority, 认同逻辑5：Functional Livability]"
我小时候以前从章丘到济南还有收费站,[认同逻辑3：Family Rootedness],输出： [认同逻辑3：Family Rootedness]
坐标槐荫……86年……小时候我们在机务段做火车去市里……,[认同逻辑3：Family Rootedness],输出： [认同逻辑3：Family Rootedness]
我知道济南历史文化名城，论经济青岛不算是后起之秀吗，济南现在历下市中发展比较好，资源倾斜都感受不到吗，我遇到的都按发展谈论市区，可能和年轻人讨论比较多，基本都看发展，大家公认青岛发展会比济南好，但现在新建地铁，可能也是新机遇,[认同逻辑5],输出： [认同逻辑5]
94年的，小时候住大明湖附近，感觉济南最西是现在和谐那边，最东是甸柳庄，最北是洛口，最南是东八里洼。那时候跟爸爸回章丘爷爷家，过了甸柳庄都是土路....以至于我家搬到奥体附近住十多年了，去泉城路玩都还叫去市里哈哈,"[认同逻辑3：Family Rootedness, 认同逻辑1：Vernacular Spatial Authority]","输出： [认同逻辑3：Family Rootedness, 认同逻辑1：Vernacular Spatial Authority]"
我06的，家在市中区，现在往泉城路还习惯说是去市里,[认同逻辑1，认同逻辑3],输出： [认同逻辑1，认同逻辑3]
看标题，2022年，我说的跟老市区没有一点关系,[认同逻辑1],输出： [认同逻辑1]
所以并不是所有的老济南人都认准那一块，你要搞清楚，就天桥槐荫那块小时候呆了20年，等有钱买房了第一时间搬到领秀城附近，这才是老济南的缩影,"[认同逻辑3：Family Rootedness, 认同逻辑1：Vernacular Spatial Authority]","输出： [认同逻辑3：Family Rootedness, 认同逻辑1：Vernacular Spatial Authority]"
洪楼很方便，可以坐地铁，推荐华山湖公园，环联夜市，洪楼教堂，省美术馆博物馆啥的都可以去看看,[认同逻辑5：Functional Livability],输出： [认同逻辑5：Functional Livability]
应该得去掉一大半，老济南只有护城河里面那一块吧，我们这是里这样说的～所以老济南画个小圈圈就好啦。不过2022年的济南市区确实大了不少，听我爸说济南扩建了好几次才有了现在的济南。现在莱芜章丘也并入济南了吧?济南越来越大啦，市区肯定不能那么一点点啦～毕竟是省会，不发展一下如何是好，对吧?,"[认同逻辑1：Vernacular Spatial Authority（社会习惯性区域认知）, 认同逻辑2：Administrative Legitimacy（行政归属合法性）]","输出： [认同逻辑1：Vernacular Spatial Authority（社会习惯性区域认知）, 认同逻辑2：Administrative Legitimacy（行政归属合法性）]"
我爷爷说护城河以里是济南，我姑姑嫁去全福都觉得是『闺女嫁外头去了』…80后（我）觉得市区还是二环里，下班回家觉得过来二环东才算进市区…当然了，东部发展的比其他地方都快，是二环南二环北二环西都比不上的，但内心还是觉得，那是『二环外』,[认同逻辑1],输出： [认同逻辑1]
批发市场不是市区吗？？你家的批发市场在农村啊？？,[认同逻辑1：Vernacular Spatial Authority（社会习惯性区域认知）],输出： [认同逻辑1：Vernacular Spatial Authority（社会习惯性区域认知）]
章丘人，上了大学说自己是济南的，别的区的觉得我碰瓷。。。。。说的和我们很想并入你们一样章丘市不比区大气啊？,[认同逻辑1：Vernacular Spatial Authority（社会习惯性区域认知），认同逻辑2：Administrative Legitimacy（行政归属合法性）],输出： [认同逻辑1：Vernacular Spatial Authority（社会习惯性区域认知），认同逻辑2：Administrative Legitimacy（行政归属合法性）]
呃，有没有想过被划进来的也不喜欢济南啊，纯纯被济南吸血光靠济南市区早就让烟台超了,[认同逻辑2：Administrative Legitimacy（行政归属合法性）],输出： [认同逻辑2：Administrative Legitimacy（行政归属合法性）]
老槐荫的传统思想，十二马路以西，纬一路以东，经一路以北，十一马路以南都比较偏你说二环外？那就是农村啊,[认同逻辑1],输出： [认同逻辑1]
差不多吧，这个和济南公共交通建设网络有关系吧，地铁基本上就围着城郊走一圈，市区去东南西北如果乘坐公共汽车或者打车也蛮麻烦的,[认同逻辑5],输出： [认同逻辑5]
我小时候住大观园，那时候觉得就是市中心了最南到英雄山，最北到长途汽车站，东边到101终点站，最西到十二马路生活区域就这么点，到现在我老公还说我一个济南人哪里的路都不认识。。。我想说我只认识一个圈,[认同逻辑1：Vernacular Spatial Authority（社会习惯性区域认知）],输出： [认同逻辑1：Vernacular Spatial Authority（社会习惯性区域认知）]
最近又出了双层公交车，线路好像就是走历城区那块，我一个室友就是历程的，她拍了视频给我们特意强调这是她们那边的双层公交车，我很不能理解，双层公交我记得小时候经常坐，都不觉得是多么稀罕的东西了，然后双层公交没了几年，现在又出来了，她给我们几个小时候就经常坐的同学显摆，我们都不好意思说我们之前就坐过,[认同逻辑3：Family Rootedness],输出： [认同逻辑3：Family Rootedness]
龙洞似乎并不介意自己属不属于济南市区，只知道自己最贵就可以了,[认同逻辑5],输出： [认同逻辑5]
你画的小商品批发市场有汽车站有动物园的 也不算市区啊,[认同逻辑1：Vernacular Spatial Authority（社会习惯性区域认知）],输出： [认同逻辑1：Vernacular Spatial Authority（社会习惯性区域认知）]
很小的时候去济南，觉得历城就是郊区了，至于莱芜，我们本来就是刚合过去的，大多数的莱芜人在归属感上还是认同自己是莱芜人，个人观点不喜勿喷,"[认同逻辑1：Vernacular Spatial Authority（社会习惯性区域认知）, 认同逻辑2：Administrative Legitimacy（行政归属合法性）]","输出： [认同逻辑1：Vernacular Spatial Authority（社会习惯性区域认知）, 认同逻辑2：Administrative Legitimacy（行政归属合法性）]"
确实，我爸甚至还能分辨出东西南北四关的口音差异，到我连章丘和济南口音都分不出来，完全理解不了这么小的地方怎么会有口音差异呢,[认同逻辑4],输出： [认同逻辑4]
一部分在历下一部分在历城吧 高新不是行政区划啊,[认同逻辑2：Administrative Legitimacy],输出： [认同逻辑2：Administrative Legitimacy]
历下:设施齐全去哪里都方便 市中:万达大观园老商埠偶尔逛逛 天桥:小时候买衣服长大了搞装修偶尔去逛农贸市场 高新:都是上流社会的人 绿化挺好 槐荫:大剧院西客站宜家（？忘了是不是在槐荫了） 历城:没去过但是知道在市里 章丘长清平阴:已经不在市里了,[认同逻辑1：Vernacular Spatial Authority（社会习惯性区域认知），认同逻辑5：Functional Livability（生活功能便利性与环境品质认知）],输出： [认同逻辑1：Vernacular Spatial Authority（社会习惯性区域认知），认同逻辑5：Functional Livability（生活功能便利性与环境品质认知）]
红谷滩，不过生活成本也相对高一些,[认同逻辑5：Functional Livability（生活功能便利性与环境品质认知）],输出： [认同逻辑5：Functional Livability（生活功能便利性与环境品质认知）]
啥叫市中心 和传不传统没关系啊 具有文化教育医疗商业在城市领先的地方才是市中心啊 cbd在哪哪就是呗,[认同逻辑1：Vernacular Spatial Authority，认同逻辑5：Functional Livability],输出： [认同逻辑1：Vernacular Spatial Authority，认同逻辑5：Functional Livability]
哈哈哈 我也是家里三代都在市区 对老南昌人来说市中心就是八一广场附近的商圈 我小时候念的育新嘛 就很夸张 说三十四年以前 二七北路都是郊区,"[认同逻辑1：Vernacular Spatial Authority（社会习惯性区域认知）, 认同逻辑3：Family Rootedness（家族历史根基/个体成长史）]","输出： [认同逻辑1：Vernacular Spatial Authority（社会习惯性区域认知）, 认同逻辑3：Family Rootedness（家族历史根基/个体成长史）]"
南昌很多中心地区，只是不同的地方不同的定位，如果说哪里最好，按照房价来，是红谷滩,[认同逻辑5：Functional Livability（生活功能便利性与环境品质认知）],输出： [认同逻辑5：Functional Livability（生活功能便利性与环境品质认知）]
老南昌人，现在从红谷滩区老城区还是习惯说“去市内”,[认同逻辑1],输出： [认同逻辑1]
市中心是八一广场那边 所谓的一环二环也是八一为中心往外扩散 说红谷滩的 真的笑死,[认同逻辑1],输出： [认同逻辑1]
红谷滩我小时候是荒郊野岭，后来新城区建起来了，现在如果你要拿出去比面子，用红谷滩那块没毛病，但是你要问我们本地人，市中心一定只会是八一广场，我小时候对南昌的记忆也一定是那边,[认同逻辑1：Vernacular Spatial Authority（社会习惯性区域认知）],输出： [认同逻辑1：Vernacular Spatial Authority（社会习惯性区域认知）]
土生土长南昌人告诉你，南昌的市中心是东湖区八一广场中山路孺子路等那一片，红谷滩以前很荒废，后来发展起来的，所以红谷滩那边很多外地人，但现在确实红谷滩发展的很好,"[认同逻辑1: Vernacular Spatial Authority, 认同逻辑3: Family Rootedness]","输出： [认同逻辑1: Vernacular Spatial Authority, 认同逻辑3: Family Rootedness]"
说红谷滩是市中心真的觉得搞笑，就算不是土生土长的，听下交通广播都知道，从八一大桥去往红谷滩叫出城方向。,"[认同逻辑1, 认同逻辑3]","输出： [认同逻辑1, 认同逻辑3]"
老市中心和新市中心的区别，从小在红谷滩长大，以前是叫昌北的，小时候到处都是一片荒芜，鸟不拉屎的地方，都是说过了八一桥才是真南昌，所以去东湖那边都会说去南昌。后面红谷滩才慢慢开发起来，建了很多大厦，开设地铁，引入CBD，包括各级政府的迁移，也改名从红谷滩新区到红谷滩区了，现在说是南昌的市中心我觉得没毛病。,[认同逻辑1：Vernacular Spatial Authority，认同逻辑2：Administrative Legitimacy，认同逻辑3：Family Rootedness，认同逻辑5：Functional Livability],输出： [认同逻辑1：Vernacular Spatial Authority，认同逻辑2：Administrative Legitimacy，认同逻辑3：Family Rootedness，认同逻辑5：Functional Livability]
因为红谷滩新区不是行政区，是经济区哈哈哈哈，我现在淘宝里还有地址,[认同逻辑2：Administrative Legitimacy（行政归属合法性）],输出： [认同逻辑2：Administrative Legitimacy（行政归属合法性）]
原来省政府在八一广场那，八一广场一带就是市中心，中山路、步行街，大点范围可以说市中心是东湖西湖区。小时候逛街都是去八一广场、中上路、万寿宫、步行街。后来，孟建柱到了江西，用上海模式建立了一江两岸，发展了红谷滩，市政府迁了过去，政治中心的转移，也使得红谷滩发展越来越好，包括后来发展的新建县。我还记得小时候和妈妈去昌北，那时候还得坐小巴车、车上也脏，真的就是去了农村。后来红谷滩开始发展的时候，我去新建二中读书，我依然还记得那时候上一周学回来，脚上全是泥，我爸开玩笑说我是耕田回来的。没有贬义的意思啊！现在红谷滩和新建区都发展的很好，我也很喜欢我的母校。就是突然看到这个话题，想起来小时候。,"[认同逻辑1：Vernacular Spatial Authority（社会习惯性区域认知）, 认同逻辑3：Family Rootedness（家族历史根基/个体成长史）, 认同逻辑5：Functional Livability（生活功能便利性与环境品质认知）]","输出： [认同逻辑1：Vernacular Spatial Authority（社会习惯性区域认知）, 认同逻辑3：Family Rootedness（家族历史根基/个体成长史）, 认同逻辑5：Functional Livability（生活功能便利性与环境品质认知）]"
我老公南昌土著，说他小时候红谷滩就是一片荒滩。,[认同逻辑3：Family Rootedness],输出： [认同逻辑3：Family Rootedness]
红谷滩租房死贵死贵 房价也是,[认同逻辑5],输出： [认同逻辑5]
黄明他妈我见过，标准的市里人，不是胶州口音,[认同逻辑4],输出： [认同逻辑4]
我也是城阳人，听到市里口音够够的，高贵的很,[认同逻辑4],输出： [认同逻辑4]
抱抱，反正在我眼里我只看行政区域划分，属于青岛那就是青岛人，管是胶州还是城阳，早些年因为交通不便利人们觉得隔着远就罢了，现在不管地铁还是开车一会就到了呀,[认同逻辑2：Administrative Legitimacy（行政归属合法性）],输出： [认同逻辑2：Administrative Legitimacy（行政归属合法性）]
而且莱西平度跟青岛持平的就剩口音了，别的方面跟青岛都有差距，胶州起码还有地铁机场,[认同逻辑4：Linguistic-Cultural Recognition，认同逻辑5：Functional Livability，认同逻辑1：Vernacular Spatial Authority],输出： [认同逻辑4：Linguistic-Cultural Recognition，认同逻辑5：Functional Livability，认同逻辑1：Vernacular Spatial Authority]
画多了，应该就是市南+市北（不能过北岭水清沟）+崂山（不能过金家岭），这些才是青岛市里the city哈哈。----土生土长的青岛小嫚现在是老阿姨一枚,"[认同逻辑1：Vernacular Spatial Authority（社会习惯性区域认知）, 认同逻辑3：Family Rootedness（家族历史根基/个体成长史）]","输出： [认同逻辑1：Vernacular Spatial Authority（社会习惯性区域认知）, 认同逻辑3：Family Rootedness（家族历史根基/个体成长史）]"
我之前去青岛玩，他们说房价最贵的区是在崂山区，可为什么市南区会看不起城建比较新的崂山区，还觉得对方乡下，不懂... 是类似浦西浦东那样吗？,[认同逻辑1：Vernacular Spatial Authority（社会习惯性区域认知）],输出： [认同逻辑1：Vernacular Spatial Authority（社会习惯性区域认知）]
作为土生土长青岛市南人，真不懂谁在搞这些鄙视链！青岛市区上了年纪的人，有几个人在胶南胶州没有老家的亲戚？还不是爷爷辈那辈才进城？另外，市区的高考升学率一直被县级市的学校吊打，当然这和学校不卷有很大关系，很多人后来出国为主。论经济，县级市也出了很多驰名企业。现在的香港路，我幼儿园那阵还是小村庄，这个庄，那个庄的。,"[认同逻辑3：Family Rootedness, 认同逻辑1：Vernacular Spatial Authority, 认同逻辑2：Administrative Legitimacy, 认同逻辑5：Functional Livability]","输出： [认同逻辑3：Family Rootedness, 认同逻辑1：Vernacular Spatial Authority, 认同逻辑2：Administrative Legitimacy, 认同逻辑5：Functional Livability]"
我家闺女户口就是平度的，因为她爸爸是土生土长平度人，我是济南的，我们现在都在济南生活，我从小就教孩子说是济南人，老家平度的，千万别说是青岛的，她爸爸经常自称青岛人，被人家青岛人笑话,"[认同逻辑2：Administrative Legitimacy, 认同逻辑3：Family Rootedness, 认同逻辑4：Linguistic-Cultural Recognition]","输出： [认同逻辑2：Administrative Legitimacy, 认同逻辑3：Family Rootedness, 认同逻辑4：Linguistic-Cultural Recognition]"
从我爸妈口中说的，我理解的，我父母年轻时在市南区就已经住楼房了，别的区平房多，再加上交通不便利，出行远环境破旧，才出现的鄙视链而已。,[认同逻辑1：Vernacular Spatial Authority（社会习惯性区域认知）],输出： [认同逻辑1：Vernacular Spatial Authority（社会习惯性区域认知）]
一开始论繁华便利市南是排不上的，后来市南拆迁改造之后就开始睥睨众生了，新建的配套什么的都比原先的好，就像现在的崂山一样,[认同逻辑5],输出： [认同逻辑5]
青岛鄙视链的陋习延续这么多年了..还是没有任何改变...曾经的老西镇看谁都是老巴子.. 到老台东看谁都很土..不洋气.. 直到市南辛家庄拆迁改造后开始看不起一切众生了... 从前的老青岛人只承认市内四区（市南>市北>四方>李沧）崂山区都被排除在外的... 更何况七区五市之外的了..所谓土生土长的青岛人..真觉得这个陋习什么时候能改变？,[认同逻辑1：Vernacular Spatial Authority],输出： [认同逻辑1：Vernacular Spatial Authority]
莱西与莱阳以前好像是一块的，我看百度说莱西以前属于烟台，我感觉我们这边口音都不太一样,[认同逻辑4：Linguistic-Cultural Recognition，认同逻辑2：Administrative Legitimacy],输出： [认同逻辑4：Linguistic-Cultural Recognition，认同逻辑2：Administrative Legitimacy]
即墨也曾经归属过烟台。,[认同逻辑2：Administrative Legitimacy],输出： [认同逻辑2：Administrative Legitimacy]
因为他们的地区名就是带市，平度市，通常他们说山东省平度市，但是归属青岛市。 但是出去的话就会说是青岛了。,[认同逻辑2：Administrative Legitimacy（行政归属合法性）],输出： [认同逻辑2：Administrative Legitimacy（行政归属合法性）]
以前平度不在青岛范围 后来规划进去了,[认同逻辑2：Administrative Legitimacy（行政归属合法性）],输出： [认同逻辑2：Administrative Legitimacy（行政归属合法性）]
我见过一些平度人对我们潍坊归属感比青岛还强,[认同逻辑3：Family Rootedness],输出： [认同逻辑3：Family Rootedness]
奇了怪了。。在青岛土生土长二十五年了，老家平度，从小在李沧长大，后来父母家搬去了城阳，工作后市北住过，现在住在李村，公司在崂山，那些传播什么青岛市区鄙视链的什么市里人看不起哪哪哪人的什么排外的到底是谁啊我咋啥也没感觉到呢,[认同逻辑3：Family Rootedness],输出： [认同逻辑3：Family Rootedness]
碰到过一个从外地搬来青岛的 住在市南区 觉得自己老高贵了 说什么李沧是城乡结合部 崂山全是拆迁户 莱西平度是偏远山区青岛土生土长本地人只会觉得我小岛岛哪都好 最爱我小岛岛,"[认同逻辑1：Vernacular Spatial Authority（社会习惯性区域认知）, 认同逻辑3：Family Rootedness（家族历史根基/个体成长史）]","输出： [认同逻辑1：Vernacular Spatial Authority（社会习惯性区域认知）, 认同逻辑3：Family Rootedness（家族历史根基/个体成长史）]"
我李村的，我一个胶州的同事，住在市南租房子，他说我李村不属于市区，笑死人了，后面我才知道他是胶州的。给我拽上了还。,[认同逻辑1：Vernacular Spatial Authority（社会习惯性区域认知）],输出： [认同逻辑1：Vernacular Spatial Authority（社会习惯性区域认知）]
李村属于即墨方言,[认同逻辑4：Linguistic-Cultural Recognition],输出： [认同逻辑4：Linguistic-Cultural Recognition]
我潍坊人，平度以前属于潍坊过，所以现在还有一些老一辈平度人的对潍坊归属感比青岛强,[认同逻辑2：Administrative Legitimacy],输出： [认同逻辑2：Administrative Legitimacy]
我市南土生土长的，上学的时候去了烟台，大学毕业回家后，嫁了胶州小伙子，因为孩子上学所以我们就住胶州了，我家市区有七八套房子，胶州城阳也都有房子。我爸妈现在住崂山，我每次回家邻居都会说我终于从村里进城了，有一次遇到问我一句你在胶州是不是住不上有暖气的房子…呵呵有啥好说的呢，嘴长在别人身上爱说啥说啥呗。,[认同逻辑3：Family Rootedness，认同逻辑5：Functional Livability，认同逻辑6：Social Embeddedness],输出： [认同逻辑3：Family Rootedness，认同逻辑5：Functional Livability，认同逻辑6：Social Embeddedness]
我即墨的，我到新青岛话地区我觉得顺即墨话很高贵。因为即墨话（包括崂山城阳李村平度南）才是正宗的青岛土著方言，新青岛话是外地移民讨生活跟土著人方言碰撞融合形成的。,[认同逻辑4：Linguistic-Cultural Recognition],输出： [认同逻辑4：Linguistic-Cultural Recognition]
我是真的被青岛大姨鄙视过啊，很严肃的告诉我，你一个外地人，又住黄岛，你跟青岛根本不沾边！我一想呢也对，我是辽宁的啊，虽然房子在黄岛，那也就只是个贵一点的物品而已，你不认为我是青岛的也没问题啊！我又不计较，我通过自己的努力在青岛工作、赚钱、安家落户、积攒了自己的生活圈子和朋友圈子，难道我需要一个渔民的后代来承认我的身份吗？不需要的，我去你青岛人开的饭店吃饭，点两个菜你还不是要规规矩矩端上来给我？除非你有骨气，不做青岛市区以外人的生意，那我没办法，我去菜市场青岛人的摊子买条鱼，你也不敢半斤说八两吧？我坐个出租车是你青岛人开的，你也不敢拒载吧？反正你不承认没关系的，认知局限又有什么办法呢？,"[认同逻辑2：Administrative Legitimacy（行政归属合法性）, 认同逻辑3：Family Rootedness（家族历史根基/个体成长史）, 认同逻辑6：Social Embeddedness（社会根基深浅与经济地位象征）]","输出： [认同逻辑2：Administrative Legitimacy（行政归属合法性）, 认同逻辑3：Family Rootedness（家族历史根基/个体成长史）, 认同逻辑6：Social Embeddedness（社会根基深浅与经济地位象征）]"
完全就从来不是 只是近十几年行政合并了仅此而已 之前 人家都是跟青岛平级的 都是叫 即墨市 胶州市 莱西市 胶南市 平度市 大家都是市 跟青岛市有什么关系？ 因为这是事实 不知道为什么要喷 这个年代是不是实话不能说？根本不存在什么歧视 看不起 大家都是平级市区 不分上下 大家说话口音完全不一样他部分习惯也不同 你就不是我 你为什么非得说是我？？你是我 那我是谁？这很奇怪 我很痛苦,[认同逻辑2：Administrative Legitimacy（行政归属合法性）]、[认同逻辑4：Linguistic-Cultural Recognition（文化语言识别性）],输出： [认同逻辑2：Administrative Legitimacy（行政归属合法性）]、[认同逻辑4：Linguistic-Cultural Recognition（文化语言识别性）]
因为这自古以来都是即墨的地盘，所以土著是即墨人，这里的即墨指的是除平度莱西胶州黄岛以外的所有青岛地区，不要说平度那个即墨，那个是上古即墨邑，我说的是从隋朝开始一直到清末的大一统的即墨县（大一统指人文方言文化习俗统一）,[认同逻辑1：Vernacular Spatial Authority，认同逻辑2：Administrative Legitimacy，认同逻辑3：Family Rootedness],输出： [认同逻辑1：Vernacular Spatial Authority，认同逻辑2：Administrative Legitimacy，认同逻辑3：Family Rootedness]
大学两个舍友一个胶州的一个城阳的 俩人互相鄙视 城阳舍友说胶州不属于青岛（说胶州没划为区）胶州舍友说城阳啥啥都没有之后胶南即墨被划为区 胶州舍友气半死在宿舍说胶南穷为啥不把胶州划进区城阳舍友就特别希望找市南市北区男朋友 同级有个黄岛男生对她很好 俩人经常一起吃饭出去玩啥的 以为他俩能在一起但是城阳舍友嫌男生是黄岛的最后也不了了之了,"[认同逻辑2（行政归属合法性）, 认同逻辑1（社会习惯性区域认知）]","输出： [认同逻辑2（行政归属合法性）, 认同逻辑1（社会习惯性区域认知）]"
我老公认识我的时候，说他是黄岛的，拒不承认跟青岛有任何关系～很长一段时间我单纯的以为黄岛是一个单独的地方，跟青岛没关～,[认同逻辑2：Administrative Legitimacy（行政归属合法性）],输出： [认同逻辑2：Administrative Legitimacy（行政归属合法性）]
胶东机场对市区来说远 我承认 但是那些市区的动不动的就潍坊机场 给潍坊建的机场 怎么的 合着胶州被你们划到潍坊去了呗？,[认同逻辑1：Vernacular Spatial Authority（社会习惯性区域认知）],输出： [认同逻辑1：Vernacular Spatial Authority（社会习惯性区域认知）]
这个鄙视链是在老一辈那，因为当时青岛交通不发达，只有市南市北住人多，李沧黄岛是农村种地多。,[认同逻辑1：Vernacular Spatial Authority，认同逻辑7：Occupational Typification],输出： [认同逻辑1：Vernacular Spatial Authority，认同逻辑7：Occupational Typification]
但我得承认小时候我确实真情实意的认为平度、即墨不是青岛的就是，那个时候的说法都是去周末去平度/即墨玩儿，晚上抓紧时间赶回青岛（算狭义青岛吧）。就像我也曾以为寿光不是潍坊的，诸暨跟绍兴没关系，余姚也跟宁波没关系一样……但这种认知并不涉及歧视，就是日常用语会造成的模糊,[认同逻辑1],输出： [认同逻辑1]
我外地人在青岛生活十多年，公里公道说句，其实日常生活中青岛人没有表现出来青岛区域歧视，但是在偶有的聊天或者一些言论里，能看出来多少会带点儿那种感觉，比如他们会特指一些，像说那个沧口曼儿，或者说青岛话的口音，会问你家哪个区的，城阳的，哦，怪不得，你们懂那种感觉吧，但毕竟我不是青岛人，就听他们聊天中就会有那种地域划分和主城区优越感的只字片语，倒是说不上歧视什么的,"[认同逻辑1：Vernacular Spatial Authority（社会习惯性区域认知）, 认同逻辑4：Linguistic-Cultural Recognition（文化语言识别性）]","输出： [认同逻辑1：Vernacular Spatial Authority（社会习惯性区域认知）, 认同逻辑4：Linguistic-Cultural Recognition（文化语言识别性）]"
谢谢小姐姐，前几天看到过你这条评论，当时就很有感触，我是土生土长平度人，具体点是平度南村人，高中搬家到一中附近，我一直觉得平度超级好，四季分明，农产品虽赶不上寿光，可是从小过完年爸妈会带我去路边买草莓，五月份去云山过樱桃节，夏天有时吃明村西瓜有时吃东王府庄的人开着三轮车走街串巷卖的西瓜，秋天必定要吃大泽山葡萄，配上八月十五的烧鸡，冬天仁兆白菜和古岘芹菜堆满整个过洞…长大以后走过很多地方才发现平度没有一个大型综合性商超，也没有什么高新产业经济带，甚至现在连财政都岌岌可危，但我还是会想念南村街里的水果摊烧饼铺，想念平度温州路汽修厂的油条，想念小时候妈妈去平度办事绕到帝王给我带回一盒新出的肯德基蛋挞,[认同逻辑3：Family Rootedness（家族历史根基/个体成长史）],输出： [认同逻辑3：Family Rootedness（家族历史根基/个体成长史）]
"“城阳不算青岛…”最近山东的小伙伴可能都刷到了这个视频，青岛大姨把城阳黄岛即墨胶州莱西平度开除岛籍，到底哪才是青岛呢？
 🛡️叠甲：坚决反对一切地域歧视和地图炮言行🙅
 🧒本人：家庭来自江苏常州多年在青岛上学工作（市南区实验-市实验初中-青岛二中）
 1.“算不算青岛”本质是一个“城 郊 对立”的说法，行政上各区市都属于青岛，但主城区的大姨群体不认同其他区市的人是“青岛人”
 2.【教育体系的隔离】多年以来城阳黄岛莱西等区市的学生，都无法报考市属重点高中（2 58 1 9），10年前崂山的学生仅有部分能报考（这也是崂山以前被开除岛籍的原因），至今城阳黄岛等区的学生也无法派位局属初中（实验 26 39 ），教育资源分布不均问题仍未解决。
  
 3.【方言口音的差异】主城区居民多是移民，更接近普通话，且有部分外语舶来词，这也是大姨们优越感的来源之一，城阳、黄岛（胶南）即墨本地人居多，口音和词汇更具地方性历史性。
 4.【道路交通的隔离】至今青岛主城区通往各区市的最便捷路线都需要交费：黄岛-海底隧道、城阳-青银高速、即墨平度莱西-青新龙青高速、胶州-跨海大桥，这在大型城市中是比较少见的人为隔离，导致产生了“进城”要交钱的优越心理，也增加了跨区通勤的成本。【再次呼吁海底隧道免费！】
  
 5. 【皈依者狂热】这一心理现象多出现在受过殖民影响的地区，主城区的移民们觉得自己继承老德意志正黑旗的衣钵，靠着优越感和歧视来构建区域居民认同。同样的病态心理也出现在部分上海、香港等地居民。
 6.【发展不均衡】抛去gdp这种和普通人关系不大的数据不谈，各区人均可支配收入基本符合“开除岛籍”视频中的描述，主城区包揽前几名（2022年度数据）。
  
 7.【被歧视、凝视者的反击】很多在主城区求学、工作的人都在租房、挤地铁公交的过程中遭受过大姨们的嘲讽、歧视、冒犯，互联网玩梗，既是消遣也是反击。
 【综上所述】“不算青岛”本身就是没有上海香港的命得了上海香港的病。一个歧视他人的人不会有大出息，一个排外甚至排内的城市不会有大发展。研究哪个区算青岛，不如研究如何促进教育公平、经济发展、交通畅通。","[认同逻辑1：Vernacular Spatial Authority（社会习惯性区域认知）]  
[认同逻辑2：Administrative Legitimacy（行政归属合法性）]  
[认同逻辑4：Linguistic-Cultural Recognition（文化语言识别性）]  
[认同逻辑5：Functional Livability（生活功能便利性与环境品质认知）]  
[认同逻辑6：Social Embeddedness（社会根基深浅与经济地位象征）]","输出： [认同逻辑1：Vernacular Spatial Authority（社会习惯性区域认知）]  
[认同逻辑2：Administrative Legitimacy（行政归属合法性）]  
[认同逻辑4：Linguistic-Cultural Recognition（文化语言识别性）]  
[认同逻辑5：Functional Livability（生活功能便利性与环境品质认知）]  
[认同逻辑6：Social Embeddedness（社会根基深浅与经济地位象征）]"
你这种海归硕士去市南或者地铁溜一圈一大推大姨让你娶她曼很喜欢你这种高学历的,[认同逻辑4：Linguistic-Cultural Recognition，认同逻辑6：Social Embeddedness],输出： [认同逻辑4：Linguistic-Cultural Recognition，认同逻辑6：Social Embeddedness]
我是李村的，感觉可能很多人对青岛有争论可能是对“青岛”这个所谓的概念站在不同角度去理解的。仅从个人的认识来说，如果说是市的层面，我的观念感觉城阳即墨胶州西海岸都可以说是青岛，平度莱西确实是有点太远了，总感觉名义上的，我确实对那边缺少同在一个青岛的归属感。如果说是岛的层面，那我认为红岛和黄岛肯定不属于青岛，这三个应该是并列的，青岛的话我认为城阳的流亭以南，加上市内四区的范围都叫青岛。,[认同逻辑1：Vernacular Spatial Authority（社会习惯性区域认知）],输出： [认同逻辑1：Vernacular Spatial Authority（社会习惯性区域认知）]
完蛋，我们都是郊区人,[认同逻辑1：Vernacular Spatial Authority（社会习惯性区域认知）],输出： [认同逻辑1：Vernacular Spatial Authority（社会习惯性区域认知）]
何止交通？医疗教育购物等等,[认同逻辑5],输出： [认同逻辑5]
乖乖，住城墙里头的是天龙人吗？讲话都这么吊了，其他都是乡下人哈哈哈,[认同逻辑4：Linguistic-Cultural Recognition],输出： [认同逻辑4：Linguistic-Cultural Recognition]
按以前的行政区块，至少老下关、秦淮区城墙外的部分、雨花、建邺相当于城乡结合部，2000年以前仙林大学城那边还有不少农田的,[认同逻辑2：Administrative Legitimacy],输出： [认同逻辑2：Administrative Legitimacy]
以前城墙以内，现在按行政区划。如果还按照以前，南京小县城都不如了，太小。现在南京全部加一起也不大，再减就没啦,[认同逻辑2],输出： [认同逻辑2]
城墙外，我小时候住那边，去夫子庙都说进城了,[认同逻辑1],输出： [认同逻辑1]
以前交通不发达 所以才觉得城墙内才是主城区 比如过去的白下区的同学就很少去下关区 因为远,[认同逻辑1：Vernacular Spatial Authority（社会习惯性区域认知）],输出： [认同逻辑1：Vernacular Spatial Authority（社会习惯性区域认知）]
确实，小时候我们家住城南现在万象城那边他们都觉得瑞金路解放门好远了，就是城墙城南到城墙城东觉得好远啊那时候交通实在不便利,[认同逻辑3：Family Rootedness],输出： [认同逻辑3：Family Rootedness]
nono 我们建邺是乡下 进城要过河过桥进城墙的,[认同逻辑1：Vernacular Spatial Authority（社会习惯性区域认知）],输出： [认同逻辑1：Vernacular Spatial Authority（社会习惯性区域认知）]
小时候家里人都以城墙为界，城墙外都是郊区,[认同逻辑1：Vernacular Spatial Authority（社会习惯性区域认知）],输出： [认同逻辑1：Vernacular Spatial Authority（社会习惯性区域认知）]
跟钱有什么关系？ta说的主城区是历史沿革，优越感来自于底蕴，有底蕴不等于有钱，扯上海人做什么,[认同逻辑1：Vernacular Spatial Authority（社会习惯性区域认知）],输出： [认同逻辑1：Vernacular Spatial Authority（社会习惯性区域认知）]
肯定便利啊 仙林是宇宙的中心,[认同逻辑1，认同逻辑5],输出： [认同逻辑1，认同逻辑5]
什么时候方言成为决定是否是主城区的标准了？,[认同逻辑4：Linguistic-Cultural Recognition],输出： [认同逻辑4：Linguistic-Cultural Recognition]
行政上栖霞也是主城区，可是栖霞的边缘都到句容了，你能按行政区域划分？本地人从来不看这个,[认同逻辑2：Administrative Legitimacy],输出： [认同逻辑2：Administrative Legitimacy]
南京最大的问题就是核心还在老城 而且隧道多没有走高架看起来壮观 新区一直都没有让外地人熟知 外地人过来大概率不会去江北河西之类的 除了看演唱会 不像钱江世纪城和浦东之类的被人熟知 走走江东路江北大道双龙大道也不会觉得城市界面不好 而且老城真没什么问题 除了中山北路被地铁缠的,[认同逻辑1：Vernacular Spatial Authority（社会习惯性区域认知）],输出： [认同逻辑1：Vernacular Spatial Authority（社会习惯性区域认知）]
从大胜关高铁过江这个角度可以看到河西skyline,[认同逻辑1：Vernacular Spatial Authority（社会习惯性区域认知）],输出： [认同逻辑1：Vernacular Spatial Authority（社会习惯性区域认知）]
高楼大厦就叫城建了？交通,[认同逻辑5：Functional Livability（生活功能便利性与环境品质认知）],输出： [认同逻辑5：Functional Livability（生活功能便利性与环境品质认知）]
哈哈哈有口音哥还行,[认同逻辑4],输出： [认同逻辑4]
我基本就是在海淀朝阳丰台活动，比较宅，从我家去公司也是走四环或者三环,[认同逻辑1：Vernacular Spatial Authority（社会习惯性区域认知）],输出： [认同逻辑1：Vernacular Spatial Authority（社会习惯性区域认知）]
礼贤拆迁户,"[认同逻辑3：Family Rootedness（家族历史根基/个体成长史）, 认同逻辑6：Social Embeddedness（社会根基深浅与经济地位象征）]","输出： [认同逻辑3：Family Rootedness（家族历史根基/个体成长史）, 认同逻辑6：Social Embeddedness（社会根基深浅与经济地位象征）]"
？你家邻居送你酸杏跟人家好的熟的杏甜有啥关系吗我请问？你自己不会花钱买甜的？合着我不会做饭给你炒盘糊的难吃的西红柿炒鸡蛋 你就说所有西红柿炒鸡蛋都不好吃呗？什么逻辑啊？,[认同逻辑4：Linguistic-Cultural Recognition],输出： [认同逻辑4：Linguistic-Cultural Recognition]
东城：美术馆，北京名胜古迹集中营，以前南锣鼓巷称为中国的“秋叶原” 西城：学霸集中营，除了北京四中没有别的印象，宣武印象都比西城多 海淀：修电脑的，大学集中营，去漫展喽 朝阳：我家，好大 丰台：体育馆 石景山：石景山游乐园，我出生的地方，老山 门头沟：好远…………………… 房山：好远…………………… 通州：我奶奶家，以前叫通县，环球影城，以前落后现在发展特别好 顺义：小汤山？温泉？小学老去那边采摘园？ 昌平：回龙观和天通苑！人口密集居住地！ 大兴：机场可以接受河北信号 怀柔：说话带口音，没去过 平谷：大桃，说话带口音，没去过 密云：水库，说话带口音，没去过 延庆：只在天气预报见过龙庆峡，没去过,[认同逻辑1],输出： [认同逻辑1]
密云，有密云水库，还有一些纪念馆，但是，交通就不太方便，就只有公交，你要是说北京应该就有地铁，说实话，我现在没见过只有公交，而且在镇上，你要去哪哪的也不方便，比如我要去快递驿站，我要骑一个小时的自行车才能去，骑回来，还要再一个小时其他的地方我就不知道了,[认同逻辑5],输出： [认同逻辑5]
东城，西城：房价贵 海淀：学校多 教育好 鸡娃 朝阳：潮人多 外地人也多 丰台：感觉好吃的挺多 石景山：有个很老的游乐场 门头沟：不太熟 房山，昌平，大兴，通州：好远 顺义：听朋友说那边有钱人多 怀柔：北京后花园 平谷：桃子 密云：水库 延庆：冰灯,[认同逻辑1：Vernacular Spatial Authority（社会习惯性区域认知）],输出： [认同逻辑1：Vernacular Spatial Authority（社会习惯性区域认知）]
郊区:山好水好，人实在，生活节奏慢，玩的东西少，适合呆着。 市里:玩的东西多，生活节奏快，上个班跟竞走一样，有地铁，地铁里全是人肉味儿,[认同逻辑5：Functional Livability],输出： [认同逻辑5：Functional Livability]
东城：京爷您吉祥 西城：京爷您吉祥（这两个没贬义，因为感觉胡同多多的，是真京爷） 海淀：学的我想死，根本跟不上海淀学生😭我不会的他们都学过了😭 朝阳：上大学，就认识这一亩三分地 丰台：小时候去园博园 大学找朋友玩总去坐高铁 石景山：石景山游乐园+去过漫展 门头沟：总发大水 房山：朋友家 远远嘟 通州：副中心，环球影城 顺义：国际学校多有钱人多 社会大课堂总去七彩蝶园和鲜花港 昌平：大一在昌平，远，好朋友在那上大学 大兴：没什么印象，有漫展 怀柔：红螺寺 社会大课堂去过生存岛 平谷：看桃花 摘桃 密云：我家 去城里不方便😫存了半天喝不着水库水 延庆：远远嘟，去过世园会,[认同逻辑1：Vernacular Spatial Authority（社会习惯性区域认知）],输出： [认同逻辑1：Vernacular Spatial Authority（社会习惯性区域认知）]
西城：皇城根儿 正黄旗 东城：旅游景点 全是人 朝阳：潮 喜欢去那边玩 海淀：全是学霸 学生时期每周末都来补习 大兴：西瓜好吃 丰台：买花买鱼的地方 有点土潮 通州：环球影城 zf办公区 密云：水库环境好 鱼好吃 周末玩水 延庆：有口音 不算北京 怀柔：空气好 房山：猿人遗址 门头沟：发大水 平谷：不熟 有桃儿,[认同逻辑1],输出： [认同逻辑1]
东城：老破小房价高 好多宰游客的景点 西城：老破小房价高 西单 好多宰游客的景点 海淀：老破小房价高 全是学校 什么好玩的都没有 朝阳：潮人and有钱人 好玩的商场挺多 丰台：郊区 小时候舞蹈考级去过 石景山：好远 门头沟：假期去烧烤 房山：好远 通州：好远 顺义：别墅区 八大处 风景不错 昌平：好远 大兴：好远 怀柔：好远 平谷：桃子好吃 密云：水库 或许可以去度假 延庆：好远,[认同逻辑5：Functional Livability],输出： [认同逻辑5：Functional Livability]
老师我家怀柔也想要地铁,[认同逻辑5：Functional Livability（生活功能便利性与环境品质认知）],输出： [认同逻辑5：Functional Livability（生活功能便利性与环境品质认知）]
东城：城里人 西城：城里人 海淀：很那个的地方 朝阳：巨大一片 哪都是朝阳 丰台：有什么啊 石景山：钢！(石景山同学说是城中村 门头沟：啊？ 房山：有一片学校 通州：待富 目前只有环球拿得出手 顺义：牛栏山一中 昌平：天通苑 大兴：荟聚 怀柔：有什么啊 平谷：大桃 还有音乐节 密云：水库 延庆：冬奥？,[认同逻辑1],输出： [认同逻辑1]
东城：故宫 南锣鼓巷 西城：景山公园 海淀：卷子好难 初高中折磨我6年 朝阳：老去内头逛 石景山：不太熟就记得学校去内体育馆开过个运动会 丰台：不太熟就记得之前学校里有个住这儿的走读生 门头沟：对象在内块上过学 通州：太爱吹牛逼，，，远离卷毛老太太…… 昌平：超级合生汇 大兴：去机场千万别卡点…… 顺义：别墅 有钱的多 怀柔：慕田峪长城 雁栖湖 平谷：桃好吃！口音好重 密云：水库 南山滑雪场里面的教练好美 房山：周口店猿人遗址 延庆：八达岭长城 动物园,[认同逻辑1：Vernacular Spatial Authority],输出： [认同逻辑1：Vernacular Spatial Authority]
东城：东直门，雍和宫，朝外SOHO（？） 西城：安贞？安慧？蓟门桥？南礼士路 海淀：各大知名院校，如清华北大等，中关村，五道口，也是程序员聚集地 朝阳：京爷，四合院，城根底下，繁华都市 丰台：有点偏，外来打工人租房子或者住员工宿舍的地方，有些地方还没开发出来，稍微有点沧桑 石景山：不熟悉，也挺偏的，就知道个八角游乐园 门头沟：山里？挺偏的，那边的人挺横，打架不好欺负 房山：太偏了，总感觉快出北京了，那边房子相对较便宜,[认同逻辑1：Vernacular Spatial Authority],输出： [认同逻辑1：Vernacular Spatial Authority]
东城：出生地 西城：学前班以及爷爷奶奶家 富贵之地 朝阳：定居➕身份证号 朝阳人民群众 商务区 使馆区 购物时尚 金融CBD 海淀 各种重点学校➕很多部队的人员居住➕学区房老破小➕IT 丰台：印象中南城外省市的流动人口最多 石景山：对它印象一直停留在石景山游乐园 大兴：水质很差 都是村 房山：口音很重 感觉路途遥远 都是景点 怀柔：周末远郊必去 昌平：上风口 选🪦的风水宝地和延庆一起堪称北京空气质量略好一筹的地区 密云：密云水库 🍑 古北水镇 口音也很重 延庆：除了山就是村 开车还要盘山 房子便宜的你都不认为它是北京！,"[认同逻辑1：Vernacular Spatial Authority（社会习惯性区域认知）, 认同逻辑2：Administrative Legitimacy（行政归属合法性）, 认同逻辑3：Family Rootedness（家族历史根基/个体成长史）, 认同逻辑4：Linguistic-Cultural Recognition（文化语言识别性）]","输出： [认同逻辑1：Vernacular Spatial Authority（社会习惯性区域认知）, 认同逻辑2：Administrative Legitimacy（行政归属合法性）, 认同逻辑3：Family Rootedness（家族历史根基/个体成长史）, 认同逻辑4：Linguistic-Cultural Recognition（文化语言识别性）]"
东城：崇文 东城合并 城里人 西城：宣武 西城合并 城里人 海淀：大学很多 那边的父母鸡娃 挺多的 朝阳：感觉很有钱的样子 丰台：家 以前是郊区 现在的居住区，附近有城里拆迁过来的，没啥好工作，上班地铁好多人 石景山：首钢 之前公司的客服部 去那边打过电话 (不知道为啥总觉得玉渊潭在石景山 门头沟：山沟 去年发大水很严重 房山：十渡 周口店北京人本人 通州：环球影城 副中心 顺义：首都机场 采摘 农家乐很多 昌平：北边太远了 回龙观 大兴：亦庄 西红门 高米店 驾照 怀柔：没咋去过 板栗 平谷：大桃 有地方口音 密云：水库 延庆：山区,[认同逻辑1],输出： [认同逻辑1]
"今天出去玩 听见一个老爷爷在聊天 说老北京的城八区 东城 西城 崇文 宣武 那叫城里 朝阳 海淀 丰台 石景山是近郊 那时候骑自行车问去哪玩 都说去城里
 那远郊的那几个区都是后划进来的 要问去哪啊 基本就说去北京 那离城里太远了 山路不好走 开车也得开一天啊
 我查了一下北京在建国初期的时候 北京城区一共是七个 也就是前文区 东单东四西单西四崇文宣武 还有六个郊区 就是东郊南苑 丰台海淀石景山 还有一个京西矿区 到了1956年的时候 隶属于河北的昌平划归北京 那会叫昌平县 到1958年的时候把东四东单合并成东城区 西四西单合并成西城区 同时撤销了前门区 在后来 京西矿区就变成了门头沟区 东郊呢变成了朝阳区 同一年 通州房山大兴平谷 密云怀柔延庆都并入北京","[认同逻辑1：Vernacular Spatial Authority（社会习惯性区域认知）, 认同逻辑2：Administrative Legitimacy（行政归属合法性）]","输出： [认同逻辑1：Vernacular Spatial Authority（社会习惯性区域认知）, 认同逻辑2：Administrative Legitimacy（行政归属合法性）]"
你去好好研究一下历史，我房山人，《房山县志》写的清清楚楚！你还别跟我犟嘴，为什么延庆口音重，就因为延庆从河北划过来的！其他区一直是北京固有！只不过是因为一些原因，划到了河北，让河北暂时管理，你应该知道什么叫暂时！河北就管了几年，然后又划回来了！延庆才是从河北来的！你去问问你的历史老师，或者你看看其他区县的县志,"[认同逻辑2：Administrative Legitimacy（行政归属合法性）, 认同逻辑3：Family Rootedness（家族历史根基/个体成长史）, 认同逻辑1：Vernacular Spatial Authority（社会习惯性区域认知）]","输出： [认同逻辑2：Administrative Legitimacy（行政归属合法性）, 认同逻辑3：Family Rootedness（家族历史根基/个体成长史）, 认同逻辑1：Vernacular Spatial Authority（社会习惯性区域认知）]"
思想别那么传统，我看你主页，小伙岁数也不大啊，怎么思想那么封建，北京16个区，一个区也不能少，任何一个区至关重要，如果你说三环外是农地，我告诉你，那是上世纪，我在六环里，现在六环建设也不差啊，我告诉你，北京指的是，城六区:东西海朝石丰，6个，一个也不能少，郊区，10个，一个也不能少！,[认同逻辑1：Vernacular Spatial Authority],输出： [认同逻辑1：Vernacular Spatial Authority]
这是民国的吧。你这时间线就是乱的。一会又金国。一会又民国。金国北京和现在北京没用一点关系。现在北京始于明代。 民国十六年（1928）由于首都早迁往南京。北京慢慢就被肢解划给河北了。最后城里都没留住。直到建国才又直辖之后又陆续往回划所辖区域直到1958年才形成今天的北京。 明清顺天府（北京）其余地方还在河北手里。当然也不是复古。 您拿民国事情还能说说。金国就算了,[认同逻辑2：Administrative Legitimacy（行政归属合法性）],输出： [认同逻辑2：Administrative Legitimacy（行政归属合法性）]
82年生人，小时候东西城是北京城，崇文宣武是城里破落户，朝海丰是近郊，其他都是远郊县城，二环是城乡分界线，三环就是荒地了。,[认同逻辑1：Vernacular Spatial Authority（社会习惯性区域认知）],输出： [认同逻辑1：Vernacular Spatial Authority（社会习惯性区域认知）]
对 小时候管去东西城天安门叫进北京城，出去了就都叫郊区，这么一看北京发展还是挺快的，怪不得国外都以为中国还是农村,[认同逻辑1],输出： [认同逻辑1]
门头沟挺好的本地人占大部份 生活挺惬意 环境好人也不多 就是逛街啥的不太行小时候总觉得城里方便 年纪越大越不爱回东边了,[认同逻辑5：Functional Livability（生活功能便利性与环境品质认知）],输出： [认同逻辑5：Functional Livability（生活功能便利性与环境品质认知）]
去北京的意思不是没有认同感，什么从河北划进来怎么怎么的，就现在北京的所有区，一共就那么几十公里，多少年就是京兆地区，天子脚下，长城内的人。举个例子，去北京=去北京城 ，去密云=去密云县城，这个是跟历史有关系，过去都有城池的，按照北京的语言系统，去北京城，去密云城说出来真的很别扭,[认同逻辑1],输出： [认同逻辑1]
房山柿子不行，房山最大的特产是跨区打工人,[认同逻辑7：Occupational Typification],输出： [认同逻辑7：Occupational Typification]
我住西北二环外几百米，晚上七点除了几个遛弯儿的基本就没什么人了，倍儿安静，吃饭要不西直门，要不金融街西单，远点儿王府井金宝街，我老公说清清静静的也挺好。我姨住崇文门，我以前在望京上班儿，确实不如那边儿店多，周围的批发市场全关了，不合规的小店全关了基本生活没问题，购物和娱乐活动欠缺。,[认同逻辑5：Functional Livability（生活功能便利性与环境品质认知）],输出： [认同逻辑5：Functional Livability（生活功能便利性与环境品质认知）]
你公公纯老北京的话他们的意识里二环内才是北京三环就是郊区了,[认同逻辑1],输出： [认同逻辑1]
在北京待了5，6年吧，其实一开始并不喜欢北京，到后来慢慢习惯这里，再到现在喜欢这里，举个最新鲜的例子，我爸前几天来北京玩儿住了一个多星期，他是脑梗偏瘫，二级残疾，右手右胳膊动不了，可以走路，但行动不便，右腿拐着的，每次带他出去说实话我都提心掉胆尤其上地铁（贫困家庭出行真没法次次打车，而且北京真的很堵，晕车也很难受）让我感受最深的是主动让座的都是北京大爷大妈（年轻人似乎就只有一次让座难道真的是因为上班族怨气太重了吗）而且是我爸一上车他们就看出来有问题，立马让他去座那种，我真的，心里真的万分感激，嘴里也不停的在说谢谢,"[认同逻辑3：Family Rootedness（家族历史根基/个体成长史）, 认同逻辑6：Social Embeddedness（社会根基深浅与经济地位象征）]","输出： [认同逻辑3：Family Rootedness（家族历史根基/个体成长史）, 认同逻辑6：Social Embeddedness（社会根基深浅与经济地位象征）]"
北京地铁对坐轮椅的、盲人全程服务特别好,[认同逻辑5：Functional Livability（生活功能便利性与环境品质认知）],输出： [认同逻辑5：Functional Livability（生活功能便利性与环境品质认知）]
大学毕业后一直在朝阳工作，还嫌弃小时候长大的西城“无聊”，有孩子了回到西城，没事自行车去北海公园溜达，看病走路就到，小院里晒个被子，汽车也不用开了，堵车交通管制和我也没关系了，幸福指数直线上升。连周末都不“出城”去朝阳了，纳闷自己怎么能忍受那么些年朝阳的堵和躁,"[认同逻辑3：Family Rootedness, 认同逻辑5：Functional Livability, 认同逻辑1：Vernacular Spatial Authority]","输出： [认同逻辑3：Family Rootedness, 认同逻辑5：Functional Livability, 认同逻辑1：Vernacular Spatial Authority]"
西村，44公里？？？？我只是看了地铁时长,[认同逻辑5：Functional Livability（生活功能便利性与环境品质认知）],输出： [认同逻辑5：Functional Livability（生活功能便利性与环境品质认知）]
我是外地来的牛马感觉都一样，反正天天住城中村挤地铁天天上班挨叼,[认同逻辑5：Functional Livability（生活功能便利性与环境品质认知）],输出： [认同逻辑5：Functional Livability（生活功能便利性与环境品质认知）]
最大的区别就是西边景色好，空气好，有山有水，不闹腾，宜居。东边各种污染严重，交通拥堵，不宜居。,[认同逻辑5],输出： [认同逻辑5]
我从小在东边，真的很少去西边，对那头特别不熟悉，上次去北展看个演出，明显感觉比东边老派。路边的连锁店是仙踪林，这牌子我有二十年没见过了小时候在老城区中心位置开过，没想到这牌子还在,[认同逻辑3：Family Rootedness],输出： [认同逻辑3：Family Rootedness]
开车都要这么久……那要是坐地铁不更远……是不是经常在市区上班的住在延庆都不方便啊，以后也发展不起来了吗,[认同逻辑5],输出： [认同逻辑5]
延庆没有地铁只有长途公交，坐车的话3h打底了。在市区工作一定不要住延庆啊,[认同逻辑5],输出： [认同逻辑5]
住在朝阳，社会关系大多在翠微周边，西边的确有点土，但那是低调，不低调也不敢啊！朝阳洋气不老少，但民营经济主导，总被西边看不起，这世界总会有你看不上我，我看不上你的事儿！,[认同逻辑1：Vernacular Spatial Authority，认同逻辑5：Functional Livability],输出： [认同逻辑1：Vernacular Spatial Authority，认同逻辑5：Functional Livability]
几代人都在海淀，时尚黑洞真不冤，很松弛但西城海淀的优质房产保值度高，朝阳很多盘跌的稀碎。虽然朝阳能买3.500平的明星小区，西城海淀也就只能买个改善盘大平层…,"[认同逻辑3：Family Rootedness, 认同逻辑1：Vernacular Spatial Authority, 认同逻辑5：Functional Livability, 认同逻辑6：Social Embeddedness]","输出： [认同逻辑3：Family Rootedness, 认同逻辑1：Vernacular Spatial Authority, 认同逻辑5：Functional Livability, 认同逻辑6：Social Embeddedness]"
我小时候住海淀长大了住望京，后来孩子上学回海淀，个人感觉望京比较适合年轻人生活，休闲自在啥都有，海淀吧，我住这地儿，真就只能上学，啥啥都破破的，每一天都想着赶紧上完学搬家,[认同逻辑5],输出： [认同逻辑5]
我住东二环 我爸妈住东四环 上班在西四环 我每天上班我感觉像出国 再赶上西四环交通管制 （海关排队,[认同逻辑1],输出： [认同逻辑1]
哈哈哈，东和西真的就像异地一样。开车去东边太难了，但我又不爱坐地铁,[认同逻辑1],输出： [认同逻辑1]
内片确实是一坨，房价原来挺低的，房价低就有个坏处，容易滋生垃圾,[认同逻辑5],输出： [认同逻辑5]
不算吧~最早那边是一大片荒地~小时候去石景山游乐园时下了地铁还要走好远才到~边上只有荒地什么都没有~后来慢慢建了小区~,[认同逻辑1：Vernacular Spatial Authority],输出： [认同逻辑1：Vernacular Spatial Authority]
你不会说反了吧海淀新区的大马路对着大山，心情一下就开朗了,[认同逻辑1：Vernacular Spatial Authority（社会习惯性区域认知）],输出： [认同逻辑1：Vernacular Spatial Authority（社会习惯性区域认知）]
对于我这城里土生土长的北京人的陈旧的思想：东边过了东大桥就是农村。西边过了官园就是农村。北边出了北三环就是农村。南边过了自然博物馆就是农村。海淀区就中关村再往西北就农村。丰台都郊县原来打电话都带郊直费。通州是哪？哦你说通县呀。去趟顺义一天回不来得住村里。延庆我草得坐火车(原来真从西直门坐火车),"[认同逻辑1：Vernacular Spatial Authority（社会习惯性区域认知）, 认同逻辑3：Family Rootedness（家族历史根基/个体成长史）]","输出： [认同逻辑1：Vernacular Spatial Authority（社会习惯性区域认知）, 认同逻辑3：Family Rootedness（家族历史根基/个体成长史）]"
老北京话里的东富西贵指的是二环以里，没朝阳什么事。而且是真正的二环城圈儿里，就是地铁2号线以里。朝阳那时候还农村呢，压根不在这个老话指的范围内。,[认同逻辑1],输出： [认同逻辑1]
正解，老辈区的概念不强的，因为那个时候变化太多，可能他经历了好几次行政区的划分调动，所以基本上本地人只会说自己待的这个地方的地名，比如凤山门望江门四牌楼庆春孩儿巷武林门半道红卖鱼桥古荡三里亭这种，也就是现在的街道（镇）、小区（村）的概念，只有对外地的朋友，他不清楚这些地方的所以才会用区来表述。,[认同逻辑1，认同逻辑2，认同逻辑3],输出： [认同逻辑1，认同逻辑2，认同逻辑3]
小时候不理解为什么老是说自己是老余杭的都是说去杭州玩，直到在杭州读大学被本地的几个人骂了一顿说我市区没房子不要说自己是杭州人之后我就有点理解了（当时只是报名后刚刚好一起去吃饭然后聊天聊起是那里人，我说我杭州的，然后细问知道我是余杭的后，就说我乡下人不要硬贴说自己是杭州人），只说自己杭州郊区或者直接说老余杭的,"[认同逻辑1：Vernacular Spatial Authority（社会习惯性区域认知）, 认同逻辑3：Family Rootedness（家族历史根基/个体成长史）, 认同逻辑4：Linguistic-Cultural Recognition（文化语言识别性）]","输出： [认同逻辑1：Vernacular Spatial Authority（社会习惯性区域认知）, 认同逻辑3：Family Rootedness（家族历史根基/个体成长史）, 认同逻辑4：Linguistic-Cultural Recognition（文化语言识别性）]"
真的是这样，我也是余杭的，一直都说是“去杭州”，而不是去“市区”，说实在的，我们没归属感，人家也不当我们是自己人,[认同逻辑1：Vernacular Spatial Authority（社会习惯性区域认知）],输出： [认同逻辑1：Vernacular Spatial Authority（社会习惯性区域认知）]
什么叫乡下？你的定义是什么？周边也一大把出生就是城镇户口，父母都是工人或者事业单位公务员，家里没有土地，怎么就是乡下了？要你这么说全国就没有几个不是乡下的地方了。,[认同逻辑2：Administrative Legitimacy（行政归属合法性）],输出： [认同逻辑2：Administrative Legitimacy（行政归属合法性）]
一样去杭州读个破大学反而还被歧视乡下人了，余杭读了12年书一点事都没有，天天说我们没归属感，那边又歧视我们，说我们乡下人，硬贴杭州，老底子杭州屁大点地方，吞了多少才发展起来自己没点数,"[认同逻辑1：Vernacular Spatial Authority（社会习惯性区域认知）, 认同逻辑2：Administrative Legitimacy（行政归属合法性）, 认同逻辑3：Family Rootedness（家族历史根基/个体成长史）]","输出： [认同逻辑1：Vernacular Spatial Authority（社会习惯性区域认知）, 认同逻辑2：Administrative Legitimacy（行政归属合法性）, 认同逻辑3：Family Rootedness（家族历史根基/个体成长史）]"
一般当能答出杭州哪里（比如武林门，采荷，翠苑，朝晖这种称呼）后因为密码正确接下来的语言模式会自动切换为杭州话（特指老市区范围的杭州话，毕竟稍微隔几公里就会出现口音差异了）哈哈哈,[认同逻辑1：Vernacular Spatial Authority，认同逻辑4：Linguistic-Cultural Recognition],输出： [认同逻辑1：Vernacular Spatial Authority，认同逻辑4：Linguistic-Cultural Recognition]
别说其他区了，我是西湖区三墩的浙大紫金港这边，小时候去趟龙翔桥都说去杭州。对外都说自己三墩乡下人。,[认同逻辑1：Vernacular Spatial Authority，认同逻辑3：Family Rootedness],输出： [认同逻辑1：Vernacular Spatial Authority，认同逻辑3：Family Rootedness]
不一定因为杭州市区的瞧不起周边的又因为杭州政府做的不地道很多区的人都对杭州没有归属感，问你哪里人只是问你你觉得你是哪里人罢了,[认同逻辑1：Vernacular Spatial Authority（社会习惯性区域认知）],输出： [认同逻辑1：Vernacular Spatial Authority（社会习惯性区域认知）]
我西湖区三墩镇，我都说自己杭州乡下人……跟他们城里人讲的话不一样,[认同逻辑4],输出： [认同逻辑4]
会啊，城里的就不太看得起我们这种乡下的，虽然钱还没我们多，像我们西湖区都是乡下地方，讲的都是老余杭的话，跟他们上城下城都是讲杭州话的，还是有点差别，哈哈哈啊,[认同逻辑4：Linguistic-Cultural Recognition],输出： [认同逻辑4：Linguistic-Cultural Recognition]
你同学说错了，西湖区也是乡下，因为我们这讲的都是余杭话，其他几个区讲的都是杭州话,[认同逻辑4：Linguistic-Cultural Recognition],输出： [认同逻辑4：Linguistic-Cultural Recognition]
那你是杭州市区的吧，我是富阳的，以前是独立的市，前几年才划进杭州的,[认同逻辑2：Administrative Legitimacy],输出： [认同逻辑2：Administrative Legitimacy]
你猜怎么着，你划的滨江萧山这边本地人，平时去市区都会说：去杭州玩，还有东边划得都到七堡了，我那边的同学可不认为他是市中心的你这么划是把自己家先划进去了呗,[认同逻辑1：Vernacular Spatial Authority],输出： [认同逻辑1：Vernacular Spatial Authority]
想起有一个前同事，爸妈住解放路，自己结婚了住凤起路，上班在庆春路，她这个土生土长的杭州本地人只认得这3条路,[认同逻辑3：Family Rootedness],输出： [认同逻辑3：Family Rootedness]
你都划到萧山了，就把我最顶上的大塘栖也划进去呗，让我也体验体验住在市区是啥体验,[认同逻辑1],输出： [认同逻辑1]
杭州人至少要说杭州话，萧山话杭州人都听不懂，硬划进杭州市区，别说杭州人了，问问萧山人干吗？,[认同逻辑4],输出： [认同逻辑4]
"广州，是大家再熟悉不过的城市，是一座开放包容、海纳百川、有着2000多年历史的文化名城。广州的美食驰名中外，民俗文化丰富多样，温柔好听的粤语更是深受许多广州外地人的欢迎。但说到广州城，你们又知道是哪里吗？
 其实，以前的广州城≠现在的广州城区，两者并非同等概念。而且广州是1921年才设立为广州市的。再者不同地方的人对广州城区的理解也不同。在外地人看来，越秀区、天河区和海珠区就是广州城区，因为东山口、北京路、越秀公园、体育西、珠江新城、广州塔都是许多外地人来广州游玩的第一印象和首选去处，也是广州的热门景点；而在我们广州本地人乃至广府人看来，广州城区就是指“老四区”：越秀，东山，荔湾（不含芳村），河南（即海珠区），需要注意的是，老广所说的“河南”是仅指海珠区南华东、同福西一带，而剩余海珠区大部分原属番禺县新滘镇；东山在05年并入了现在的越秀区。
 但实际上，以前的广州城可比现在的城区要小的多，严格来说就是指越秀老城区，即旧时的番禺城。东山、西关都属城外，桂花岗、环市北一带以前也是农田区域。而广州城的由来，大概得从秦汉时期的“任嚣城”（今北京路一带）开始说起。
 那么任嚣城又有怎样深厚的历史故事呢？它和现在的广州又有怎样的密切联系呢？感兴趣的朋友请看下期小明的讲解哦",[认同逻辑1：Vernacular Spatial Authority] [认同逻辑2：Administrative Legitimacy] [认同逻辑3：Family Rootedness],输出： [认同逻辑1：Vernacular Spatial Authority] [认同逻辑2：Administrative Legitimacy] [认同逻辑3：Family Rootedness]
现用名：花都（区）  原名：花县  汉朝：属番禺管辖  隋朝：属南海县辖  宋以后：分属番禺、南海县辖  清康熙二十五年（公元1686 年）：取南海、番禺两县部分区域置县，因县城近花山，定名“花县”，属广州府。  民国时期：花县主要由省直辖  新中国成立后：隶属江北专区、珠江专区、粤北行政区、佛山专区  1960年4月：划为广州市属县。  1993年6月18日：经国家批准，撤县设市（县级），撤销花县，定名为“花都”，由省人民政府委托广州市代管。  2000年5月21日：经国家批准撤市设区，成为广州市花都区,[认同逻辑2：Administrative Legitimacy（行政归属合法性）],输出： [认同逻辑2：Administrative Legitimacy（行政归属合法性）]
没错，大致就是东山还没并入的越秀区，还有一些后来并入的比如矿泉街道、桂花岗也不算进去,[认同逻辑1],输出： [认同逻辑1]
我小时候一直在河南住，满口番禺顺德乡下口音，乡下仔来的,"[认同逻辑3：Family Rootedness（家族历史根基/个体成长史）, 认同逻辑4：Linguistic-Cultural Recognition（文化语言识别性）]","输出： [认同逻辑3：Family Rootedness（家族历史根基/个体成长史）, 认同逻辑4：Linguistic-Cultural Recognition（文化语言识别性）]"
对哈哈哈 有祠堂有分红有地 从来没怀疑过自己,[认同逻辑6：Social Embeddedness（社会根基深浅与经济地位象征）],输出： [认同逻辑6：Social Embeddedness（社会根基深浅与经济地位象征）]
从来不怀疑自己，因为年年有分红，有祠堂有时候吃饭都要走去祠堂,[认同逻辑6：Social Embeddedness（社会根基深浅与经济地位象征）],输出： [认同逻辑6：Social Embeddedness（社会根基深浅与经济地位象征）]
我战友台山阿伯，十几岁才入户大石那边，但是也一样有分红，不知道他们家怎么操作的,[认同逻辑3：Family Rootedness，认同逻辑6：Social Embeddedness],输出： [认同逻辑3：Family Rootedness，认同逻辑6：Social Embeddedness]
我眼里面会讲白话就是广州人，我先生浙江人，大学系广州读，然后就系广州生活二十几年，一口标准白话。我地两个仔广州出世广州长大唔识讲白话，我觉得我先生已经系老广，两个仔是中国人,[认同逻辑4：Linguistic-Cultural Recognition],输出： [认同逻辑4：Linguistic-Cultural Recognition]
一直系屋企都讲，但自从两个仔上托儿所之后，他们就不讲白话了，宜家最多识听唔识讲，呢个现象我身边几个广州朋友都深受其害,[认同逻辑4：Linguistic-Cultural Recognition],输出： [认同逻辑4：Linguistic-Cultural Recognition]
真系讲白话，好滴，吹水都方便好多割，普通话少小小味道，哈哈哈哈,[认同逻辑4],输出： [认同逻辑4]
我屋企坚持讲白话。虽然我个囡白话都唔多好，起码我哋坚持要距讲，无人迁就距，所以距一直都係同我哋用白话沟通。,[认同逻辑4],输出： [认同逻辑4]
外地人大把会讲白话呀，特别是广西老表和湖南老表最多人,[认同逻辑4：Linguistic-Cultural Recognition],输出： [认同逻辑4：Linguistic-Cultural Recognition]
我觉得唔紧要啊，起码人地真的学起来了，不是现在很多不友好的外地人，你一说白话，对方就一副妹仔大过主人婆的样子叫你讲普通话,[认同逻辑4：Linguistic-Cultural Recognition（文化语言识别性）],输出： [认同逻辑4：Linguistic-Cultural Recognition（文化语言识别性）]
祠堂有你的名字才算是广州人，不然不算，这是最基本的，跟你去陈家祠买不买门票没关系。你逻辑都搞不清楚,[认同逻辑3：Family Rootedness（家族历史根基/个体成长史）],输出： [认同逻辑3：Family Rootedness（家族历史根基/个体成长史）]
陈家祠有你分红就关你事，冇就过主啦,[认同逻辑6],输出： [认同逻辑6]
我们家早不搞这些了，都什么年代了而且现在大部分族谱都是改革后再集资重修的，我阿公阿婆那边以前还算地主为了保命都恨不得断绝关系那些虽然我阿爷和阿公姓氏和他们以前所在地方村子大姓相同，但祠堂又不是我们家这边的，拜山都都只拜到太公那代。你话先人祖坟在都算了，祠堂，不是大宗族哪里来的祠堂，哪里来修族谱。,[认同逻辑3：Family Rootedness（家族历史根基/个体成长史）],输出： [认同逻辑3：Family Rootedness（家族历史根基/个体成长史）]
错了，广州城系西至西门口，东至东山口，北至小北，南至南关，加上西关东山三元里河南四区。大部分有分红的村都唔系广州。,"[认同逻辑1, 认同逻辑2]","输出： [认同逻辑1, 认同逻辑2]"
其实是反过来的，村民以前在老广眼里是乡下人，只不过郊区城镇化之后村民平均生活水平比之前的老城区市民高，现在基本在广州会粤语都当你广州人，只不过有些人挑拨离间，广州人又要有祠堂分红又要在老三区，能满足这俩点的全广州找不出20万个，那还得了,"[认同逻辑1：Vernacular Spatial Authority（社会习惯性区域认知）, 认同逻辑2：Administrative Legitimacy（行政归属合法性）, 认同逻辑3：Family Rootedness（家族历史根基/个体成长史）, 认同逻辑4：Linguistic-Cultural Recognition（文化语言识别性）, 认同逻辑6：Social Embeddedness（社会根基深浅与经济地位象征）]","输出： [认同逻辑1：Vernacular Spatial Authority（社会习惯性区域认知）, 认同逻辑2：Administrative Legitimacy（行政归属合法性）, 认同逻辑3：Family Rootedness（家族历史根基/个体成长史）, 认同逻辑4：Linguistic-Cultural Recognition（文化语言识别性）, 认同逻辑6：Social Embeddedness（社会根基深浅与经济地位象征）]"
系咯，我有个同学系赤岗d村民啊，佢话佢乡下系三水。唔多明d人点解觉得有分红又祠堂先系土著，奇怪🤔,[认同逻辑6：Social Embeddedness，认同逻辑3：Family Rootedness],输出： [认同逻辑6：Social Embeddedness，认同逻辑3：Family Rootedness]
我从来未霖过呢个问题，结果系个帖子度睇下八卦，被判定唔系广州人以我知道嘅我屋企对上几代都系广州（更前几代唔知系因为我从未问过家族史），身份证4401，一直都系讲粤语，住村度有分红，跟住帖度d人话，冇祠堂就唔系，fine，原来我一直都系外地人，我地成村都冇祠堂，估计一村人都系外地人，真系笑佐,"[认同逻辑2, 认同逻辑3, 认同逻辑4, 认同逻辑6]","输出： [认同逻辑2, 认同逻辑3, 认同逻辑4, 认同逻辑6]"
土生土长怎么就不是本地人了，我刚满月就随父母来广州定居，在广州长大几十年，我也很自豪地是说自己是广州人,[认同逻辑3：Family Rootedness（家族历史根基/个体成长史）],输出： [认同逻辑3：Family Rootedness（家族历史根基/个体成长史）]
在广州三代以内上就算真正广州人，二代以内是新广州人，一代开荒牛是广州移民，三代都不讲广州话的是外省广州人（祖宗是捞佬）来广州的。,"[认同逻辑3：Family Rootedness（家族历史根基/个体成长史）, 认同逻辑4：Linguistic-Cultural Recognition（文化语言识别性）]","输出： [认同逻辑3：Family Rootedness（家族历史根基/个体成长史）, 认同逻辑4：Linguistic-Cultural Recognition（文化语言识别性）]"
我爸广州天河本地的 但是当时我妈老家有分红 把我户口跟妈妈了 那我也不算广州的 我爸总说 你就是广州的所以我是不是广州本地的啊（说的一口流利粤语 从小就在广州长大）,[认同逻辑3：Family Rootedness，认同逻辑1：Vernacular Spatial Authority，认同逻辑4：Linguistic-Cultural Recognition],输出： [认同逻辑3：Family Rootedness，认同逻辑1：Vernacular Spatial Authority，认同逻辑4：Linguistic-Cultural Recognition]
首先你会讲白话吗？,[认同逻辑4],输出： [认同逻辑4]
广州本地人指的是:1，村里有祠堂（族谱） 2，有分红,"[认同逻辑3：Family Rootedness, 认同逻辑6：Social Embeddedness]","输出： [认同逻辑3：Family Rootedness, 认同逻辑6：Social Embeddedness]"
我认为的，如果户口是那就是啊 广州居民，不是老广（老广指村里有分红的）；新广就是买房定居广州（新入户广州的）,"[认同逻辑2：Administrative Legitimacy（行政归属合法性）, 认同逻辑6：Social Embeddedness（社会根基深浅与经济地位象征）]","输出： [认同逻辑2：Administrative Legitimacy（行政归属合法性）, 认同逻辑6：Social Embeddedness（社会根基深浅与经济地位象征）]"
错了，广州城系西至西门口，东至东山口，北至小北，南至南关，加上西关东山三元里河南四区。大部分有分红的村都唔系广州。,[认同逻辑1：Vernacular Spatial Authority（社会习惯性区域认知）],输出： [认同逻辑1：Vernacular Spatial Authority（社会习惯性区域认知）]
边个话你知老广就有分红，有分红都是村镇的，老广是住市区的,[认同逻辑6：Social Embeddedness],输出： [认同逻辑6：Social Embeddedness]
我是爷爷南下干部过来的，虽然白话习惯都一样，但内心里没有归属感,[认同逻辑3：Family Rootedness],输出： [认同逻辑3：Family Rootedness]
是不是本地人对你来说有啥本质区别吗，反正你又没分红,[认同逻辑6：Social Embeddedness（社会根基深浅与经济地位象征）],输出： [认同逻辑6：Social Embeddedness（社会根基深浅与经济地位象征）]
想是就是，看自己的归属感,[认同逻辑1：Vernacular Spatial Authority（社会习惯性区域认知）],输出： [认同逻辑1：Vernacular Spatial Authority（社会习惯性区域认知）]
算啦，是不是本地的重要吗？ 现在粤语都没人讲了，分红也只有村民有,"[认同逻辑3：Family Rootedness（家族历史根基/个体成长史）],[认同逻辑4：Linguistic-Cultural Recognition（文化语言识别性）],[认同逻辑6：Social Embeddedness（社会根基深浅与经济地位象征）]","输出： [认同逻辑3：Family Rootedness（家族历史根基/个体成长史）],[认同逻辑4：Linguistic-Cultural Recognition（文化语言识别性）],[认同逻辑6：Social Embeddedness（社会根基深浅与经济地位象征）]"
你有分红就是，没分红就…有概率不是。,[认同逻辑6：Social Embeddedness（社会根基深浅与经济地位象征）],输出： [认同逻辑6：Social Embeddedness（社会根基深浅与经济地位象征）]
作为广州土生土长的家族第三代一直自我认同喺广州本地土著 直到有祠堂的本地村民话我唔喺土著先动摇咗我嘅概念认知 毕竟阿爷个代先出来广州搵食定居 户口本依然显示乡下地名而唔喺广州 确实又好似无力反驳,[认同逻辑3：Family Rootedness（家族历史根基/个体成长史）] [认同逻辑2：Administrative Legitimacy（行政归属合法性）],输出： [认同逻辑3：Family Rootedness（家族历史根基/个体成长史）] [认同逻辑2：Administrative Legitimacy（行政归属合法性）]
这样算的话就没有多少广州人了，以前广州城很小的，只要你认可广州文化会讲广州话就是广州人了，别说有分红的才叫广州人，很多市区的广州人都没有分红，祖籍都是广州周边城市，但是三代在广州了,"[认同逻辑1, 认同逻辑3, 认同逻辑4, 认同逻辑6]","输出： [认同逻辑1, 认同逻辑3, 认同逻辑4, 认同逻辑6]"
历史流流长，世界咁大。只要户口在广州且会讲白话，有文化认同那就是广州人。我理论上祖籍茂名，祖上因为打地主走过来。我阿爷係华师学生，后来喺番禺起屋做老师。我屋企而家已经同茂名那边几乎冇关系，一个人都唔识。我唔觉得我係第二个地方嘅人。至于番禺嘅归属，那是另一个话题,[认同逻辑2：Administrative Legitimacy，认同逻辑3：Family Rootedness，认同逻辑4：Linguistic-Cultural Recognition],输出： [认同逻辑2：Administrative Legitimacy，认同逻辑3：Family Rootedness，认同逻辑4：Linguistic-Cultural Recognition]
我妈果边是世代广州人，但是地主被没收财产，变成疍家人了，无地唔系村民，我爷在广州出世，感我系广州人吗？我觉得我系，但我无分红无地无屋,[认同逻辑3：Family Rootedness，认同逻辑6：Social Embeddedness],输出： [认同逻辑3：Family Rootedness，认同逻辑6：Social Embeddedness]
有没有祠堂？有没有地？有没有分红？,[认同逻辑6：Social Embeddedness（社会根基深浅与经济地位象征）],输出： [认同逻辑6：Social Embeddedness（社会根基深浅与经济地位象征）]
身份证唔系44010，因为阿妈吾系广州宜边，要先入阿妈度，我阿妈先可以签过黎广州，有村，冇分红（老豆打啊爷工，要转居民），住祖屋宅基地，条村年年爬龙船，有阵时玩船头旗位，啊嘛挂左罗左D死股，每年分D西甘多钱。甘算吾算？,[认同逻辑2：Administrative Legitimacy，认同逻辑3：Family Rootedness，认同逻辑6：Social Embeddedness],输出： [认同逻辑2：Administrative Legitimacy，认同逻辑3：Family Rootedness，认同逻辑6：Social Embeddedness]
对啊我也想知道我们家在从化的村里有个几百年的祠堂，肯定算从化土著了。但是一几年并入广州之后身份证变了，不知道算不算广州土著。,[认同逻辑3：Family Rootedness，认同逻辑2：Administrative Legitimacy],输出： [认同逻辑3：Family Rootedness，认同逻辑2：Administrative Legitimacy]
这么说吧，广州前段时间村里分分红，你家有吗？没就不算,[认同逻辑6：Social Embeddedness（社会根基深浅与经济地位象征）],输出： [认同逻辑6：Social Embeddedness（社会根基深浅与经济地位象征）]
我住德政中，无村无分红,[认同逻辑6：Social Embeddedness（社会根基深浅与经济地位象征）],输出： [认同逻辑6：Social Embeddedness（社会根基深浅与经济地位象征）]
只有广州农村人才算广州人吗我们公司主管是土生土长的广州人，但是一直住在靠近市区，家里也没有分红,[认同逻辑3：Family Rootedness],输出： [认同逻辑3：Family Rootedness]
有祠堂有族谱没分红，阴公,[认同逻辑3：Family Rootedness],输出： [认同逻辑3：Family Rootedness]
严格来说不算正宗本土本地人 但也是新本地人 我爷奶那代已经在佛山 就清明会翻乡下拜山 而且乡下已经无亲戚 大家都出晒来 我对乡下无归属感 我只会认为我是佛山人佛山本地独生女,[认同逻辑3：Family Rootedness],输出： [认同逻辑3：Family Rootedness]
你心里认为广州是你老家那你就算本地人，文化上认同，当别人问你老家哪里的，你首先想到广州，那你就是本地人。爷爷哪里人，每年还回爷爷老家，在家里说爷爷老家的家乡话，那还不算本地人，本地人是打心底里认同本地文化饮食的，而且不会有自己是哪里人的疑惑，你还有疑惑，可能还不属于本地人,[认同逻辑3：Family Rootedness（家族历史根基/个体成长史）] [认同逻辑4：Linguistic-Cultural Recognition（文化语言识别性）],输出： [认同逻辑3：Family Rootedness（家族历史根基/个体成长史）] [认同逻辑4：Linguistic-Cultural Recognition（文化语言识别性）]
判断是否广州本地人，就一个标准，有分红有祠堂有地,[认同逻辑6：Social Embeddedness（社会根基深浅与经济地位象征）],输出： [认同逻辑6：Social Embeddedness（社会根基深浅与经济地位象征）]
有没有租收？年底有没有分红？,[认同逻辑6],输出： [认同逻辑6]
有分红就算吧,[认同逻辑6：Social Embeddedness（社会根基深浅与经济地位象征）],输出： [认同逻辑6：Social Embeddedness（社会根基深浅与经济地位象征）]
你唔识得讲白话就只能系本地捞,[认同逻辑4],输出： [认同逻辑4]
咁你识5识讲广州话啊？ 识讲，又无口音咪喺广州人啰,[认同逻辑4],输出： [认同逻辑4]
我系广州话忠实拥趸，我觉得吾论你住哪里，白云越秀荔湾........土著有分红还是所谓既新广州人，只有识讲广州话既才能算系广州人，如果连广州话都吾识讲，仲点好意思话自己系广州人？应该讲自己系中国人,[认同逻辑4],输出： [认同逻辑4]
我老公是佛山本地人，有分红，有族谱，祠堂几百年历史，已经是文物，但我儿子户口跟我，在我那边出生，那算是佛山人吗我同学老公也是佛山人，也是有分红，女儿户口在佛山，但全家回去我们那边生活，孩子算佛山人吗？,[认同逻辑3：Family Rootedness（家族历史根基/个体成长史）],输出： [认同逻辑3：Family Rootedness（家族历史根基/个体成长史）]
从小土生土长，会说流利白话就算是，别人也分辨不出来的，我的就是很浓的白云某村口音白话,[认同逻辑3：Family Rootedness，认同逻辑4：Linguistic-Cultural Recognition],输出： [认同逻辑3：Family Rootedness，认同逻辑4：Linguistic-Cultural Recognition]
不算，我也是爷爷那一辈来广州定居，父亲和自己都是土生土长的，但是祖宗坟茔和宗祠都在老家。年年都要预留时间回老家扫墓。然后因为是在大院长大，跟本地人的圈子也融不进去，即使自己讲着一口广州话但是就是觉得差了这么一点可能真的只有祖辈生于广州的才会形成广州人认同。,"[认同逻辑3：Family Rootedness, 认同逻辑4：Linguistic-Cultural Recognition]","输出： [认同逻辑3：Family Rootedness, 认同逻辑4：Linguistic-Cultural Recognition]"
你说我是不是广州人？我爷东莞人，抗日时期跑到广州来定居，我妈是广州农村，然后我户口跟我妈，我妈户口一直在村里，所以我有村分红，但是在村里属于外姓人,[认同逻辑3：Family Rootedness，认同逻辑2：Administrative Legitimacy，认同逻辑6：Social Embeddedness],输出： [认同逻辑3：Family Rootedness，认同逻辑2：Administrative Legitimacy，认同逻辑6：Social Embeddedness]
听讲话无祠堂，非农户口，都有分红,[认同逻辑3：Family Rootedness，认同逻辑2：Administrative Legitimacy，认同逻辑6：Social Embeddedness],输出： [认同逻辑3：Family Rootedness，认同逻辑2：Administrative Legitimacy，认同逻辑6：Social Embeddedness]
无嘎城市户口系无分红嘎。而且广州旧中心城区（清朝时起的城墙位置内）几百年前就无村噶啦。,"[认同逻辑2：Administrative Legitimacy（行政归属合法性）, 认同逻辑6：Social Embeddedness（社会根基深浅与经济地位象征）]","输出： [认同逻辑2：Administrative Legitimacy（行政归属合法性）, 认同逻辑6：Social Embeddedness（社会根基深浅与经济地位象征）]"
我就前几日听一个认识几年噶网友讲话有噶 话距地有一段时间全部农转居，但是都仲有分红。唔记得距系越秀定荔湾了。我都奇怪，因为我地番禺是农户先有分红,[认同逻辑3：Family Rootedness，认同逻辑6：Social Embeddedness],输出： [认同逻辑3：Family Rootedness，认同逻辑6：Social Embeddedness]
我家旧唐楼系大东门附近，幼儿园时就收咗补楼而已。分红真系无。有族谱，但系基本里面嘎人都5系中国啦,[认同逻辑3：Family Rootedness，认同逻辑6：Social Embeddedness],输出： [认同逻辑3：Family Rootedness，认同逻辑6：Social Embeddedness]
我都系甘葛情况，我同我老豆都系老西关系广州人但系应该唔系土著,[认同逻辑3：Family Rootedness],输出： [认同逻辑3：Family Rootedness]
我觉得主要是看你有没有融入当地的文化，那些说有没有村和祖屋我都觉得不一定。我家就是太公那代是从家乡迁到我们现居住城市的，我发现这边很多同一家乡的人都会自发集聚组成一条村，所以我们在这边也可以说有村子，有祠堂，也建有祖屋。我们过年过节都是按原来的家乡习俗，和本地人不一样，称呼本地人会说你们本地人，当地语言也会讲，但同村人交流还是用家乡话。所以我觉得我们没有完全融入当地文化，就不算本地人。,[认同逻辑4：Linguistic-Cultural Recognition（文化语言识别性）],输出： [认同逻辑4：Linguistic-Cultural Recognition（文化语言识别性）]
籍贯广州，广州村民，清明去白云山上拜，几代祖先都在山上，而不是去公共墓园，家庭所有成员粤语完全不带口音,"[认同逻辑3：Family Rootedness（家族历史根基/个体成长史）, 认同逻辑4：Linguistic-Cultural Recognition（文化语言识别性）]","输出： [认同逻辑3：Family Rootedness（家族历史根基/个体成长史）, 认同逻辑4：Linguistic-Cultural Recognition（文化语言识别性）]"
我妈妈是白云区某村有祠堂的，爸爸是潮汕归侨，我广州土生土长我觉得自己只是半个广州人,[认同逻辑3：Family Rootedness],输出： [认同逻辑3：Family Rootedness]
？？？我广州话有乡音，我都系广州人，去祠堂都系讲乡音,[认同逻辑4],输出： [认同逻辑4]
虽然我家也好几代在这边，也是讲粤语，但是只说我是广州本地人，但不算广州土著，因为我是番禺的,[认同逻辑1：Vernacular Spatial Authority，认同逻辑3：Family Rootedness，认同逻辑4：Linguistic-Cultural Recognition],输出： [认同逻辑1：Vernacular Spatial Authority，认同逻辑3：Family Rootedness，认同逻辑4：Linguistic-Cultural Recognition]
别纠结了基本不是，民国前广州城只有西门口到大东门。我家没有祠堂，清朝在西关做生意后来家族逃出去又回来。广州土著大部分都走国外，留下来万中无一，美加香港南洋比广州更多广州土著。,[认同逻辑3：Family Rootedness],输出： [认同逻辑3：Family Rootedness]
世代居住在广州虽然各种原因移居但坚持保留广州语言文化饮食习惯传统精神内核的社群是不是比现在只讲普通话唔食白切鸡唔听粤语歌的本地人更广州？当然土不土著没啥优越的传统跟不上时代被抛弃也是必然。,[认同逻辑3：Family Rootedness，认同逻辑4：Linguistic-Cultural Recognition，认同逻辑1：Vernacular Spatial Authority],输出： [认同逻辑3：Family Rootedness，认同逻辑4：Linguistic-Cultural Recognition，认同逻辑1：Vernacular Spatial Authority]
不算吧，我外公开始来广州工作我妈他们在广州长大的，在家也都是说粤语，基本只有清明才会回老家一两天，他们都不会说自己是广州人。,[认同逻辑1：Vernacular Spatial Authority，认同逻辑3：Family Rootedness，认同逻辑4：Linguistic-Cultural Recognition],输出： [认同逻辑1：Vernacular Spatial Authority，认同逻辑3：Family Rootedness，认同逻辑4：Linguistic-Cultural Recognition]
广州本地人一般指老四区世居吧（老越秀、老荔湾、老东山、海珠）吧。因为好像我们这种，至少五代都在广州土生土长，有分红有地，最多都系叫广州客家人。,"[认同逻辑3：Family Rootedness, 认同逻辑6：Social Embeddedness, 认同逻辑1：Vernacular Spatial Authority]","输出： [认同逻辑3：Family Rootedness, 认同逻辑6：Social Embeddedness, 认同逻辑1：Vernacular Spatial Authority]"
讲白话？,[认同逻辑4：Linguistic-Cultural Recognition],输出： [认同逻辑4：Linguistic-Cultural Recognition]
有分红就算,[认同逻辑6：Social Embeddedness（社会根基深浅与经济地位象征）],输出： [认同逻辑6：Social Embeddedness（社会根基深浅与经济地位象征）]
不会说不算,[认同逻辑4：Linguistic-Cultural Recognition],输出： [认同逻辑4：Linguistic-Cultural Recognition]
看年龄，时代不一样，现在00后很多土生土长的广州人也不会粤语,[认同逻辑3：Family Rootedness],输出： [认同逻辑3：Family Rootedness]
从小是从什么时候开始？如果80年代生，不会说广州话不太可能。如果00年生，也很正常,[认同逻辑4：Linguistic-Cultural Recognition],输出： [认同逻辑4：Linguistic-Cultural Recognition]
真唏嘘，当年我小学中学的班里分别有两个外省转学来的同学，刚来的时候很自然的他们一句粤语都不会，可是小学那个女生后来我中学去外面补习班偶尔遇上了，一口广州话真的完全听不出来她原来三四年级转学来的时候一颗粤语都不会说。另一位初中同班也同理，初二来的时候一丁丁点都不会，可是高三时候他广州话已经是没口音的流利了，看着现在这几个generation我真的挺不解的 另外，我在悉尼这边也认识超级多悉尼土生土长的abc说一口流利广州话你根本就不知道他/她是在澳洲出生长大的，反而广州本地的却变成这样,[认同逻辑4],输出： [认同逻辑4]
广州出世叫本地人..但系广州某村出世加有分红或有地叫土著.这样比较容易解释,[认同逻辑2：Administrative Legitimacy（行政归属合法性）]、[认同逻辑3：Family Rootedness（家族历史根基/个体成长史）]、[认同逻辑6：Social Embeddedness（社会根基深浅与经济地位象征）],输出： [认同逻辑2：Administrative Legitimacy（行政归属合法性）]、[认同逻辑3：Family Rootedness（家族历史根基/个体成长史）]、[认同逻辑6：Social Embeddedness（社会根基深浅与经济地位象征）]
那你有没分红或者土地阿？,[认同逻辑6：Social Embeddedness（社会根基深浅与经济地位象征）],输出： [认同逻辑6：Social Embeddedness（社会根基深浅与经济地位象征）]
有分红，屋企有栋有红本子的楼,[认同逻辑6：Social Embeddedness（社会根基深浅与经济地位象征）],输出： [认同逻辑6：Social Embeddedness（社会根基深浅与经济地位象征）]
有祠堂有分红,[认同逻辑6：Social Embeddedness（社会根基深浅与经济地位象征）],输出： [认同逻辑6：Social Embeddedness（社会根基深浅与经济地位象征）]
个人觉得是祖辈都是在广州这边的，然后有祠堂的这种才算，你的这种顶多算新广州人新入户广州，我是广州本地，但是我增城这边的,[认同逻辑3：Family Rootedness],输出： [认同逻辑3：Family Rootedness]
增城是后来并入广州的，甚至连大家口中广义上的广州人都不算贴主要是会说粤语我觉得他可能更适合说自己是广州本地人,[认同逻辑2：Administrative Legitimacy（行政归属合法性）] [认同逻辑4：Linguistic-Cultural Recognition（文化语言识别性）],输出： [认同逻辑2：Administrative Legitimacy（行政归属合法性）] [认同逻辑4：Linguistic-Cultural Recognition（文化语言识别性）]
是本地人，不是土著，还有些人在那里卜佬卜佬，分红的时候可没见你卜佬,[认同逻辑3：Family Rootedness],输出： [认同逻辑3：Family Rootedness]
补充一下 是光谷东感觉光谷广场那一块交通也是乱糟的,[认同逻辑1：Vernacular Spatial Authority（社会习惯性区域认知）],输出： [认同逻辑1：Vernacular Spatial Authority（社会习惯性区域认知）]
因为武汉平时只说汉口、武昌、汉阳三镇，区的话很多，比如汉口包含江汉、江岸、硚口、东西湖、等等等等区，在长江以北、汉水以北的地界都属于汉口。武汉是被长江和汉江分割成了3个部分，你说的那些区是行政区划，3镇才是地理说法，你口中的老武汉人没有说错,[认同逻辑1],输出： [认同逻辑1]
住光谷的不敢讲话鄙视链底层,[认同逻辑1：Vernacular Spatial Authority（社会习惯性区域认知）],输出： [认同逻辑1：Vernacular Spatial Authority（社会习惯性区域认知）]
我经常因为我的青普被当成外码,[认同逻辑4：Linguistic-Cultural Recognition（文化语言识别性）],输出： [认同逻辑4：Linguistic-Cultural Recognition（文化语言识别性）]
武汉人心里就是这样的，尤其是住在汉口核心的，认为内环之外皆为村，如果武汉天地那边均房价不是武汉第一，从小住在六渡桥友谊路取水楼江汉路那块的人根深蒂固的想法也觉得黄浦路那边是市郊，因为在他们心里他们民众乐园那圈才是汉口核心，才是城区，市中心。,[认同逻辑1],输出： [认同逻辑1]
老武汉的土著莫名优越感，小时候总被瞧不起，搞得自己也觉得乡里人低人一等样的，只要去市内说蔡甸话，就是一种高高在上的眼神和爱买不买别把东西碰脏了的鄙视感。长大后发现，越是穷的老土著越是优越感强。现在武汉市内对我也没多大吸引力了，然后每次去玩也是蔡甸话说到嗨，不在乎别人的眼神。大女儿不会说蔡甸话真是……我没教育好啊然后不在乎别人的看法后，发现在武汉市内的年轻人都挺友好的，也很客气。可能都在成长吧,[认同逻辑3：Family Rootedness，认同逻辑4：Linguistic-Cultural Recognition，认同逻辑7：Occupational Typification],输出： [认同逻辑3：Family Rootedness，认同逻辑4：Linguistic-Cultural Recognition，认同逻辑7：Occupational Typification]
评论区的别这样对待黄陂啊，黄陂虽说远，但他现在也好歹是属于武汉的，也就相当于都是一个妈生的，各有各的优势，别瞧不起啊，毕竟地铁七号线以后也是要延长到黄陂的嘛，这样也方便多了，不过我在外面说我是黄陂人，也没见有人瞧不起或者诧异什么的啊,[认同逻辑2：Administrative Legitimacy，认同逻辑5：Functional Livability，认同逻辑1：Vernacular Spatial Authority],输出： [认同逻辑2：Administrative Legitimacy，认同逻辑5：Functional Livability，认同逻辑1：Vernacular Spatial Authority]
我新洲的，基本不认为自己是武汉人，感觉武汉人也不太看得起我们，我平时都是说行政区划上算武汉人,[认同逻辑2：Administrative Legitimacy（行政归属合法性）],输出： [认同逻辑2：Administrative Legitimacy（行政归属合法性）]
嗯嗯，谢谢你让我对现在的堤角有了更深的了解……让我想起了老武汉对于汉口区域的定义有句顺口溜“上有古田，下有肉联”（肉联就是现在的堤角）……可能我去堤角总是泛泛而去吧而自己住在古田，当然觉得这里交通便利，繁华方便哟，毕竟这几年宜家和山姆的打造让古田人气更足啦些，希望这两地齐头并进越来越好,[认同逻辑1：Vernacular Spatial Authority，认同逻辑5：Functional Livability],输出： [认同逻辑1：Vernacular Spatial Authority，认同逻辑5：Functional Livability]
武汉已经越来越大了，现在黄陂新洲都划进来了,[认同逻辑2],输出： [认同逻辑2]
家里人是武钢的，记得小时候，一些武昌的亲戚一边羡慕我家人的“铁饭碗”一边嘲笑我是乡里伢。,[认同逻辑3：Family Rootedness],输出： [认同逻辑3：Family Rootedness]
老武汉人觉得很多地方都是乡里，多少年的印象，一下子改不了，我是青山区东北人后代，土生土长的，也被很多汉口人认为偏僻地方的人，我觉得周边的不算正宗武汉人，老观念没办法,"[认同逻辑1, 认同逻辑3, 认同逻辑4]","输出： [认同逻辑1, 认同逻辑3, 认同逻辑4]"
不是，武汉主城区是口音辨别的。只要不是地道汉口话才说是乡里的。黄陂的发音跟武汉人是不一样,[认同逻辑4：Linguistic-Cultural Recognition],输出： [认同逻辑4：Linguistic-Cultural Recognition]
"武汉13个区的GDP排名、未来发展、人口以及房价情况一直备受关注。外地人常认为汉口区是武汉最富有的区，实际上他们说的是江汉区。江汉路步行街、国广武广每日都在刷新武汉的最高消费记录，西北湖的金融圈也是高楼林立。不过，江汉区2024年GDP仅1627亿，在武汉排名第六，房价约15000到3万之间。
 江岸区的万国建筑群江滩是武汉最顶级的富人区，二七滨江也坐落于此。这里的文化气息浓郁，人们可以在老洋房拍照打卡、在汉口江滩漫步、在武汉关跨年，武汉人的美好记忆都与之相关。其教育水平在武汉位居第二，发展潜力巨大。然而，2024年江岸区的GDP为1625亿，略低于江汉区。房价两极分化严重，最高的一万出头，最贵的八九万。
 真正能打的其实是东湖高新区，也就是中国光谷。它是举全省之力发展的板块，2024年GDP达到2715亿，增速4.7%，连续多年位居武汉第一。这里汇聚了大批高端产业，如互联网、人工智能、生物医药、数字通信等。光谷中心城道路宽敞、高楼林立，科技感十足。每天诞生六十多个老板、120多个企业，十多个发明专利。人均收入达20万，研究生、博士生遍地走，企业高管、科技新贵年入百万，身价千万上亿也很平常。虽然房价高峰期达到3万，现在跌到了17000平，但作为全武汉年轻人和外来人口最多的新区，这样的房价在很多人看来并不贵。
 再说说最穷的区，汉阳区常被认为是武汉最穷的区。其2024年GDP只有260亿，在主城区垫底，钟家村王家湾的商业也日渐衰落。不过汉阳区有着丰富的旅游资源、风景、文化和宜居环境，像晴川历历汉阳区、芳草萋萋鹦鹉洲的美景，每年大年初五都人山人海。
 蔡甸区连续多年GDP垫底，2024年GDP仅529亿。中华新城彻底熄火，老城区缺乏足够生活气息，产业和人口状况都较为一般。花博会期间稍微热闹点，板块内基本都是养老之地，房子每平五六千，与周边8加1城市圈的县城水平相当。
 武汉正处于两极分化的关键节点，只有基本面良好、产业发达的板块才能吸引更多人才流入，而人口不断流失的板块必然会逐渐失去竞争力，房价下跌也在所难免。",[认同逻辑5],输出： [认同逻辑5]
  想到xyl说土生土长的水果湖人,[认同逻辑3],输出： [认同逻辑3]
gdp 再高，跟汉南人有关系？,[认同逻辑2：Administrative Legitimacy],输出： [认同逻辑2：Administrative Legitimacy]
是老市民的心理落差……祖祖辈辈都是大城市武汉人， 混了几辈人还没到大城市上层，眼看这些祖辈都在乡下耕田的外地人来大武汉跟自己平起平坐，甚至混得比自己还好，失落……唯有排外能强挽一下老市民的尊严,"[认同逻辑3：Family Rootedness, 认同逻辑1：Vernacular Spatial Authority, 认同逻辑6：Social Embeddedness]","输出： [认同逻辑3：Family Rootedness, 认同逻辑1：Vernacular Spatial Authority, 认同逻辑6：Social Embeddedness]"
经开合并进去了，我前几年就是住的经开，档案上填的就是这个，后来变成汉南了，搞得我很懵啊,[认同逻辑2：Administrative Legitimacy（行政归属合法性）],输出： [认同逻辑2：Administrative Legitimacy（行政归属合法性）]
我土生土长的武汉人，说实话20年前我觉得汉口是武汉最富裕的地方，现在光谷发展的太快了太好了，很多住市区的人跑这边来上班，武汉未来还是看光谷。,[认同逻辑3：Family Rootedness，认同逻辑1：Vernacular Spatial Authority，认同逻辑5：Functional Livability],输出： [认同逻辑3：Family Rootedness，认同逻辑1：Vernacular Spatial Authority，认同逻辑5：Functional Livability]
黄陂比新洲强多了，机场也在黄陂，人家物流商品市场，文旅游做得火爆。还有两条地铁线路。把阳逻剁有了，新洲只剩下在哪遥远偏僻的小山村啦,"[认同逻辑1, 认同逻辑5]","输出： [认同逻辑1, 认同逻辑5]"
最早划分行政区的确是这样的。除了最早的中山路开元，其他的都叫做“郊区”，是行政意义上的郊区。,[认同逻辑2：Administrative Legitimacy],输出： [认同逻辑2：Administrative Legitimacy]
海沧、集美、同安现在属于厦门地区。但历史上厦门属于它们，它们不属于厦门。历史上的厦门确实只指中山路一带的老市区，因为厦门城在那里。至于翔安…对厦门人来说翔安就是同安的一部分呀,[认同逻辑1: Vernacular Spatial Authority],输出： [认同逻辑1: Vernacular Spatial Authority]
经济特区一开始只有湖里的一小部分好像，当时厦门岛还分4个区，经济特区扩大到全岛，后来建设海湾型城市，把集美，海沧，同安，翔安，并到厦门市，就把岛内的鼓浪屿区和开元区合并到思明区了。所以并不是有些人说的什么“集美同安为什么就不是厦门”“你们是在优越什么”，而是人家集美就有自己的名字，那么多年人家就是集美人，灌口人，这样的由来。海湾型城市之后就是岛内外6个区了。,[认同逻辑2：Administrative Legitimacy，认同逻辑1：Vernacular Spatial Authority],输出： [认同逻辑2：Administrative Legitimacy，认同逻辑1：Vernacular Spatial Authority]
好家伙 我以为厦门岛内房价应该不会太高 想着看看 结果一看 嗯～跟上海也差不多,[认同逻辑5],输出： [认同逻辑5]
我小时候 只有这个区域我们理解为厦门，其他我们称之为岛外。但随着现在资源拓宽厦门理解的更广了。,[认同逻辑1：Vernacular Spatial Authority（社会习惯性区域认知）],输出： [认同逻辑1：Vernacular Spatial Authority（社会习惯性区域认知）]
其实没必要比，厦门本地人只要在厦门有房子很多都想要读完书回厦门工作的，厦门工资总体不高是因为底层人太多了，实际上厦门的国企包括公务员的工资平均都要比福州高很多。去其他地方读书包括香港也呆过几年，包括去世界各地旅游，真心觉得一个集中环境教育交通医疗都在线的城市厦门算是其中一个非常非常好的，尤其是环境，基本上很少看到都市圈环境能做到这样的，人其实也不算多，全国中等吧,[认同逻辑3：Family Rootedness（家族历史根基/个体成长史）][认同逻辑5：Functional Livability（生活功能便利性与环境品质认知）][认同逻辑6：Social Embeddedness（社会根基深浅与经济地位象征）],输出： [认同逻辑3：Family Rootedness（家族历史根基/个体成长史）][认同逻辑5：Functional Livability（生活功能便利性与环境品质认知）][认同逻辑6：Social Embeddedness（社会根基深浅与经济地位象征）]
 厦门房价这么高？,[认同逻辑5：Functional Livability（生活功能便利性与环境品质认知）],输出： [认同逻辑5：Functional Livability（生活功能便利性与环境品质认知）]
听说厦门的房价都是隔壁市区的富商炒起来的,[认同逻辑2：Administrative Legitimacy（行政归属合法性）],输出： [认同逻辑2：Administrative Legitimacy（行政归属合法性）]
堵车！不好停车！房价高,[认同逻辑5：Functional Livability（生活功能便利性与环境品质认知）],输出： [认同逻辑5：Functional Livability（生活功能便利性与环境品质认知）]
厦门房价比广州还高,[认同逻辑5：Functional Livability（生活功能便利性与环境品质认知）],输出： [认同逻辑5：Functional Livability（生活功能便利性与环境品质认知）]
东盟商务区那边大多是新南宁人吧，我和我小学初中同学们在青秀区土生土长从小到大没觉得有啥区别。反而是高中后有部分乡镇来这边买房定居或读书的同学优越感爆棚，不懂他们在牛什么,[认同逻辑3：Family Rootedness（家族历史根基/个体成长史）],输出： [认同逻辑3：Family Rootedness（家族历史根基/个体成长史）]
青秀区以前不就是大农村吗小时候在埌西，西乡塘的同学都觉得我家穷，后面一几年到东盟商务区买房，也是几千块一平而已,[认同逻辑3：Family Rootedness][认同逻辑1：Vernacular Spatial Authority][认同逻辑5：Functional Livability][认同逻辑6：Social Embeddedness],输出： [认同逻辑3：Family Rootedness][认同逻辑1：Vernacular Spatial Authority][认同逻辑5：Functional Livability][认同逻辑6：Social Embeddedness]
所以说啊，青秀区土著能有啥优越感啊，我小时候在医科大那边，去玩逛街都得往朝阳西乡塘跑,[认同逻辑3],输出： [认同逻辑3]
朝阳广场的人流大而且确实鱼龙混杂啊，但是正宗南宁人肯定不会说朝阳不好,[认同逻辑4：Linguistic-Cultural Recognition，认同逻辑1：Vernacular Spatial Authority],输出： [认同逻辑4：Linguistic-Cultural Recognition，认同逻辑1：Vernacular Spatial Authority]
西乡塘很多城中村，朝阳广场附近的地铁站就有好几个站点是城中村，建筑大部分是新旧混杂，没有青秀五象的城建新，但是人多，热闹，图生活方便的话住这里挺好的，毕竟什么动物园火车站朝阳都在这里。,[认同逻辑5：Functional Livability（生活功能便利性与环境品质认知）],输出： [认同逻辑5：Functional Livability（生活功能便利性与环境品质认知）]
不同区域的街头人群确实迥异，我来南宁生活十多年了，住的地方人流量相对低，平常上班下班很少逛街，最多去去附近万象城盛天地之类的。某次突发奇想坐地铁去朝阳广场（几年没去了），总记得那次的感觉。出地铁看到密密麻麻的人群，都还是年轻人居多，感觉城市非常有朝气，觉得很开心。,[认同逻辑5：Functional Livability],输出： [认同逻辑5：Functional Livability]
别搞青秀区全区，我寻思着小时候住星湖路的从来没说过别的地方破，毕竟我们自己的房子也挺破。,[认同逻辑3：Family Rootedness],输出： [认同逻辑3：Family Rootedness]
别说青秀区，江南区某穷小区都有优越感，就亭洪供电局下来一点，某桥底下，我以前的小学伙伴爷爷奶奶家住那边，我周末会去找她玩，然后那边一楼是个瓦房停车场，应该是那对老头老阿奶的，然后某一次我去找她在楼下等她，那老阿奶就很莫名其妙的来一句，我们家是南宁本地人哦，是本地人来的我当时？搞笑死了哈哈哈哈哈哈哈对不起我山旮旯建政路那一代的，小时候只觉得听得不对劲，长大了真是觉得井底之蛙优越感，不看看那个小区有多烂,[认同逻辑1：Vernacular Spatial Authority（社会习惯性区域认知）， 认同逻辑3：Family Rootedness（家族历史根基/个体成长史）， 认同逻辑4：Linguistic-Cultural Recognition（文化语言识别性）],输出： [认同逻辑1：Vernacular Spatial Authority（社会习惯性区域认知）， 认同逻辑3：Family Rootedness（家族历史根基/个体成长史）， 认同逻辑4：Linguistic-Cultural Recognition（文化语言识别性）]
本南宁人小时候都是喜欢跟朋友约朝阳玩啊，只是后来长大了，能选择的地方也多了，朝阳又越来越难停车（小车和电车都难），所以才去的少了,[认同逻辑1：Vernacular Spatial Authority（社会习惯性区域认知）],输出： [认同逻辑1：Vernacular Spatial Authority（社会习惯性区域认知）]
早期南宁各类资本大佬聚会碰头也是在朝阳的 那时候南宁不大的 以朝阳为圆心 以前的老万国酒楼就是那些大老板谈生意地方喽,[认同逻辑1：Vernacular Spatial Authority（社会习惯性区域认知）],输出： [认同逻辑1：Vernacular Spatial Authority（社会习惯性区域认知）]
哈哈哈我西乡塘农村的，我小时候去朝阳广场我也怕，特别是过天桥和地下通道的时候，就是有很多乞丐在那里然后会害怕,[认同逻辑3：Family Rootedness（家族历史根基/个体成长史）],输出： [认同逻辑3：Family Rootedness（家族历史根基/个体成长史）]
不是，我也南宁人，但不是青秀区的，出来10年了那里的人装逼成这样了吗青秀区是什么了不起的地方吗？房价多少啊？,[认同逻辑2：Administrative Legitimacy] [认同逻辑5：Functional Livability],输出： [认同逻辑2：Administrative Legitimacy] [认同逻辑5：Functional Livability]
没事啦，反正法国人看东南亚人（对就是她口中的东盟商务区）都像在看自己的殖民地人群不知道在狂什么，真的好笑（哦我土生土长南宁人）,[认同逻辑3：Family Rootedness],输出： [认同逻辑3：Family Rootedness]
本广西人现在是“地铁老人脸”。这都还没富起来呢，就开始拿起贵族姿态了我们偏远农村的广西人看来只能下广东或者出国了。不配奢望首府,[认同逻辑5：Functional Livability],输出： [认同逻辑5：Functional Livability]
土著对老城区的执念是比较深的毕竟是从小到大生活学习的地方。虽然我五象这套房就在南宁大桥头，一过桥就可以回到青秀，但还是不习惯通勤习惯了5分钟就到，这里要提前20分钟起床，好难啊哈哈哈,[认同逻辑3：Family Rootedness（家族历史根基/个体成长史）],输出： [认同逻辑3：Family Rootedness（家族历史根基/个体成长史）]
青秀区我有两套了，这边这套是我们的单位集资房，我们有股份，可以得分红，而且是按照职称高低才能买房子的大小，所以我爸说买咯。,[认同逻辑6：Social Embeddedness（社会根基深浅与经济地位象征）],输出： [认同逻辑6：Social Embeddedness（社会根基深浅与经济地位象征）]
住惯单位宿舍的不习惯住商业小区。每次想吃什么都要回老城区，特别是吃宵夜，动不动开车大半个小时，心鸭。这两天又把我崽拎回娘家蹭住，为了今晚能去琅东村觅食,"[认同逻辑3：Family Rootedness, 认同逻辑4：Linguistic-Cultural Recognition]","输出： [认同逻辑3：Family Rootedness, 认同逻辑4：Linguistic-Cultural Recognition]"
我闺蜜前年搬去了五象，每次在五象湖地铁站出口下车出来就感觉瞬间从城市到了荒郊野岭要走一大段路才有点生活气息，给我住我真不习惯,[认同逻辑5],输出： [认同逻辑5]
南宁大桥头，那个位置好好，就是早晚高峰过桥很崩溃,[认同逻辑1],输出： [认同逻辑1]
医科大自己在五象蟠龙这边都起有集资房，去要被服厂干嘛没听说过哦。当时说武鸣校区都附近准备起集资房，我老豆老母都冲咋咋报，结果木戳有地铁过去，不要了,[认同逻辑2（行政归属合法性）、认同逻辑5（生活功能便利性与环境品质认知）、认同逻辑6（社会根基深浅与经济地位象征）],输出： [认同逻辑2（行政归属合法性）、认同逻辑5（生活功能便利性与环境品质认知）、认同逻辑6（社会根基深浅与经济地位象征）]
也许我个人比较喜欢清静吧，从青秀区过来五象第6️⃣个年头了。还是很喜欢这里的环境，马路很宽不会堵车，空气也很好傍晚饭后可以在江边散步，宜家，万象汇，总部基地那块吃的，购物也很方便，山姆也就20分钟就到了，回市区感觉哪哪都堵,[认同逻辑5],输出： [认同逻辑5]
大院长大，搬出大院，买到新的房，许多南宁人的轨迹也差不多是这样，再回到大院住也没曾经的的感觉，不符合现在的邻里关系了。老城区固然好，过去的终将也是过去了,"[认同逻辑3：Family Rootedness, 认同逻辑1：Vernacular Spatial Authority]","输出： [认同逻辑3：Family Rootedness, 认同逻辑1：Vernacular Spatial Authority]"
因为渝中的拆迁户基本上都在李家沱,[认同逻辑2：Administrative Legitimacy],输出： [认同逻辑2：Administrative Legitimacy]
不会吧渝中区的拆迁户跑李家沱去干撒子，,[认同逻辑2：Administrative Legitimacy，认同逻辑6：Social Embeddedness],输出： [认同逻辑2：Administrative Legitimacy，认同逻辑6：Social Embeddedness]
爸爸是510203我是500104 土生土长ddk,[认同逻辑2：Administrative Legitimacy] [认同逻辑3：Family Rootedness],输出： [认同逻辑2：Administrative Legitimacy] [认同逻辑3：Family Rootedness]
小时候在南坪，现在在坡区，而且我爸妈又在考虑搬回南坪,[认同逻辑3：Family Rootedness],输出： [认同逻辑3：Family Rootedness]
我不是原住民我外婆80多了早些年住较场口，我妈小时候也住较场口，我爸住摊子口，因为工作都移居四川，以至于我在重庆工作，买房时他们只觉得解放碑附近才是城区，我爸觉得大坪也算城区。我带他们看照母山房子，刚过了金山大道他们说这是什么荒郊野岭，结果现在照母山是宇宙中心。现在我住七星岗，工作在照母山附近，md,[认同逻辑1：Vernacular Spatial Authority（社会习惯性区域认知），认同逻辑3：Family Rootedness（家族历史根基/个体成长史）],输出： [认同逻辑1：Vernacular Spatial Authority（社会习惯性区域认知），认同逻辑3：Family Rootedness（家族历史根基/个体成长史）]
500107，土生土长破区，现居两江新区。,[认同逻辑3：Family Rootedness，认同逻辑2：Administrative Legitimacy],输出： [认同逻辑3：Family Rootedness，认同逻辑2：Administrative Legitimacy]
107，小时候住两路口，八岁搬回坡区，就一直在杨家坪前后打转转了。,[认同逻辑3],输出： [认同逻辑3]
是不是开始有成都口音了,[认同逻辑4：Linguistic-Cultural Recognition（文化语言识别性）],输出： [认同逻辑4：Linguistic-Cultural Recognition（文化语言识别性）]
整个重庆主城区都主要是本地人，重庆不像那些真一线城市那么多移民，最近几年才开始多起来外地口音移居过来的。,[认同逻辑3：Family Rootedness][认同逻辑4：Linguistic-Cultural Recognition][认同逻辑2：Administrative Legitimacy],输出： [认同逻辑3：Family Rootedness][认同逻辑4：Linguistic-Cultural Recognition][认同逻辑2：Administrative Legitimacy]
那挨得近~都是土生土长的~,[认同逻辑3：Family Rootedness],输出： [认同逻辑3：Family Rootedness]
你那是老辈子的了！或者是直辖前更新的那批！我解放碑五一路土生土长的都是500103 这个没什么要争论的！都是,[认同逻辑2：Administrative Legitimacy，认同逻辑3：Family Rootedness],输出： [认同逻辑2：Administrative Legitimacy，认同逻辑3：Family Rootedness]
渝中区土著，大坪土生土长，现在住渝北,[认同逻辑3：Family Rootedness],输出： [认同逻辑3：Family Rootedness]
看了一圈，就没有大渡口的土著吗？我妈小时候是城头的，大溪沟，枣子岚垭，我爸是和平路的，但都是在我出生之前，我是510203，我们那里我出生的时候还属于九龙坡，后来就变成了大渡口,[认同逻辑3：Family Rootedness] [认同逻辑2：Administrative Legitimacy],输出： [认同逻辑3：Family Rootedness] [认同逻辑2：Administrative Legitimacy]
渝中区 虽然老，但是配套齐全 医疗 教育 交通,[认同逻辑5：Functional Livability（生活功能便利性与环境品质认知）],输出： [认同逻辑5：Functional Livability（生活功能便利性与环境品质认知）]
像我这种化龙桥曾经贫困一条街的拆迁户搬到沙坪坝了，都搬了20年了。我的童年和学生时代都在化龙桥呀,[认同逻辑3],输出： [认同逻辑3]
500103，出生幼儿园小学住渝中，初中南岸，高中沙区（因读书租房），大学江北，现在两江新区，我觉得两江新区最适宜居住，公园多。,[认同逻辑2：Administrative Legitimacy（行政归属合法性）] [认同逻辑3：Family Rootedness（家族历史根基/个体成长史）] [认同逻辑5：Functional Livability（生活功能便利性与环境品质认知）],输出： [认同逻辑2：Administrative Legitimacy（行政归属合法性）] [认同逻辑3：Family Rootedness（家族历史根基/个体成长史）] [认同逻辑5：Functional Livability（生活功能便利性与环境品质认知）]
出生在大坪医院 然后一直住谢家湾这边 我妈想卖房子搬家 我不愿意离开,[认同逻辑3],输出： [认同逻辑3]
土生土长,[认同逻辑3：Family Rootedness（家族历史根基/个体成长史）],输出： [认同逻辑3：Family Rootedness（家族历史根基/个体成长史）]
不是，土著是🈯只有解放碑为商业中心的那个时代就住在两江三岸的人,[认同逻辑3],输出： [认同逻辑3]
口音是重庆城头口音，不能有区县口音,[认同逻辑4],输出： [认同逻辑4]
现在从下半城搬到了“镇头”（龙溪镇），但是十八梯的老房子我老汉还在那里住。他们土生土长在那里住惯了。,[认同逻辑3],输出： [认同逻辑3]
我爸因为50年前因为工作原因从渝中区换到九龙坡区 因为有套房所以户口也就转到在九龙坡了 ，那时候没得房价更值钱的概念 上班要坐绿皮火车太折腾了…… 早知道就死守渝中区哟,[认同逻辑3：Family Rootedness],输出： [认同逻辑3：Family Rootedness]
市中心土生土长的很少 因为以前就没多少人 看以前的老照片就知道 又没高楼 外来的比较多,[认同逻辑3：Family Rootedness（家族历史根基/个体成长史）],输出： [认同逻辑3：Family Rootedness（家族历史根基/个体成长史）]
同意！下楼就是地铁安逸惨,[认同逻辑5：Functional Livability（生活功能便利性与环境品质认知）],输出： [认同逻辑5：Functional Livability（生活功能便利性与环境品质认知）]
"其实主要还是配套的原因
 1：从小长大的地方，内心上不认可其他地方，觉得那是乡下，北到伍家岭，南到南二环。
 2:最近快速发展的十来年里，人口增长了300万，其实三甲医疗并没有增加啥，交通拥挤，远距离的就医带来不便
 3:新城区房子确实很多，都是高层和超高层为主，人口密度就高，堵车就成为家常，比如月亮岛和梅溪湖等主干道区域，而老长沙反而没有那么堵，因为有很多6层楼的单位房，密度低些，就业也在附近
 4:新城区外表看起来都是高楼大厦，却缺少了老长沙特有文化的烟火气，除了就业情况和湖南省内地级市不同和其他城市没啥区别
 5:真正要长期在一个城市待下去，从心里认可这个城市就必须移植到大脑的文化里，这样无论去哪里感觉还是老长沙比较好，完善便捷的配套是重中之重","[认同逻辑1：Vernacular Spatial Authority, 认同逻辑3：Family Rootedness, 认同逻辑4：Linguistic-Cultural Recognition, 认同逻辑5：Functional Livability]","输出： [认同逻辑1：Vernacular Spatial Authority, 认同逻辑3：Family Rootedness, 认同逻辑4：Linguistic-Cultural Recognition, 认同逻辑5：Functional Livability]"
我只是发表个人感受，我住了3年梅溪湖，然后我老公就吐槽了三年，然后在房价没跌的时候果断卖掉了,[认同逻辑3：Family Rootedness],输出： [认同逻辑3：Family Rootedness]
所以我喜欢北辰，老城区往新区的过渡，街道界面没老城区那么破旧，离市中心又只需要十几分钟，配套啥都有，住起来太舒服哒,[认同逻辑5],输出： [认同逻辑5]
小时候住南门口大一点住八角亭，正宗老城区长大的，老城区就是邻居都会比较熟络，现在回以前住的房子去看，那些邻居都会很热情的喊你，问一问家里人的情况。现在住梅溪湖，其实朋友聚会逛街还是喜欢去“城里”，居住的话也很喜欢梅溪湖，小区比较有活力，小孩上学方便，晚上湖边散步也很方便。,"[认同逻辑1, 认同逻辑3, 认同逻辑5]","输出： [认同逻辑1, 认同逻辑3, 认同逻辑5]"
因为对比很多省会长沙太小了，所以根植于心中远近的标准与其他城市不同。多年前，长沙周边还没开发的时候，武汉的亲戚第一次在长沙开车一不留神就出了长沙市。在我小时候的感知里面，最远的距离是从侯家塘到步行街。说不上不喜欢，第一次在河西住宿舍，路上车少人也少、周边还有小公园真的很好，但是离家太远了。ps去黄鹤楼玩，姐姐说她家就在黄鹤楼附近让我中午去吃饭，结果打车30块钱。我的附近是能双脚到达,[认同逻辑1：Vernacular Spatial Authority（社会习惯性区域认知）],输出： [认同逻辑1：Vernacular Spatial Authority（社会习惯性区域认知）]
哈哈哈，二环的乡里别给你点赞,[认同逻辑1：Vernacular Spatial Authority],输出： [认同逻辑1：Vernacular Spatial Authority]
小时候在五一广场出生长大的，结婚之后住在梅溪湖，爸妈说我是到乡里去了说鸟不拉屎的地方,"[认同逻辑3：Family Rootedness, 认同逻辑1：Vernacular Spatial Authority]","输出： [认同逻辑3：Family Rootedness, 认同逻辑1：Vernacular Spatial Authority]"
么子叫老城区咯，侯家塘算不？算的话，你去看看天剑路那里，那未必住起蛮舒服？还一句言老城区不堵车，不晓得哪里来的优越感,[认同逻辑1],输出： [认同逻辑1]
哪有那么多原因，就是习惯了啊，家在亲戚朋友也在，上班也在。另外，南到南二环是不可能的，顶多到劳动路。,"[认同逻辑1, 认同逻辑3]","输出： [认同逻辑1, 认同逻辑3]"
嘴巴放干净点，啥都不懂。湘江新区是功能区而非行政区，岳麓区委、区政府与湘江新区党工委、管委会实行区政合一的运行方式。,[认同逻辑2：Administrative Legitimacy],输出： [认同逻辑2：Administrative Legitimacy]
你看看现在有没有岳麓区人民法院，岳麓区zf，地图上是显示岳麓区还是湘江新区，湘江新区只是经济发展上的特殊区划，又不是行政区划,[认同逻辑2：Administrative Legitimacy],输出： [认同逻辑2：Administrative Legitimacy]
确实，湘江新区只是个功能区，行政区还是叫岳麓区，湘江新区相当于岳麓再加望城区的一些地方,[认同逻辑2：Administrative Legitimacy],输出： [认同逻辑2：Administrative Legitimacy]
范围大点只有天心区算城区，其他都是乡里别比如雨花区，我就住这，以前全是菜地，我老公土生土长的坡子街人，他说老城区只有坡子街那一块小破地，什么开福区雨花区都没人住的荒郊野地，更别说河西的岳麓区啊跳马啊望城了，那更加不算,[认同逻辑1，认同逻辑3],输出： [认同逻辑1，认同逻辑3]
小时候住南门口，大一点住八角亭，然后去了捞刀河，接着又住到暮云，最后住到了梅溪湖，变成了xlb 哈哈哈哈哈哈,[认同逻辑3：Family Rootedness],输出： [认同逻辑3：Family Rootedness]
哈是乡里别，哪有城里人,[认同逻辑4：Linguistic-Cultural Recognition],输出： [认同逻辑4：Linguistic-Cultural Recognition]
我在五一广场 有个同事不知道我们经理就是那个月亮岛那里的，然后他就说乡里别 然后我们经理就说那里已经属于是开发区了，不属于是乡里了，然后我同事还没理解意思，一直在吐槽那里不好不好，结果我们经理就背后面针对他，懂得都懂,[认同逻辑2：Administrative Legitimacy（行政归属合法性）],输出： [认同逻辑2：Administrative Legitimacy（行政归属合法性）]
住北正街的算乡里别中的城里人,[认同逻辑1：Vernacular Spatial Authority（社会习惯性区域认知）],输出： [认同逻辑1：Vernacular Spatial Authority（社会习惯性区域认知）]
